Generic Resource Cost & Performance Inputs,,,,,,,,,,,,,,,,,,,,,,,,,,,,,,,,,,,,,,,,,,,,,,,,,,,
All costs expressed in 2016 dollars,,,,,,,,,,,,,,,,,,,,,,,,,,,,,,,,,,,,,,,,,,,,,,,,,,,
,,,,,,,,,,,,,,,,,,,,,,,,,,,,,,,,,,,,,,,,,,,,,,,,,,,
Instructions,,,Controls,,Cell Color Coding,,,,,Tax Rates,Units,Value,,,,,,,,,,,,,,,,,,,,,,,,,,,,,,,,,,,,,,,
"Select a technology and installation vintage from the dropdown menus below to populate the 'Active' column with the corresponding inputs. To refresh the hard-coded values, click the buttons to the right.",,,,,User Input,,,,,Federal,%,0.35,,,,,,,,,,,,,,,,,,,,,,,,,,,,,,,,,,,,,,,
,,,,,Calculated Input,,,,,State,%,0.07,,,,,,,,,,,,,,,,,,,,,,,,,,,,,,,,,,,,,,,
,,,,,Dropdown Menu Input,,,,,Combined,%,0.39549999999999996,,,,,,,,,,,,,,,,,,,,,,,,,,,,,,,,,,,,,,,
,,,,,Lookup Value,,,,,,,,,,,,,,,,,,,,,,,,,,,,,,,,,,,,,,,,,,,,,,
,,,,,Yearly Lookup Value,,,,,,,,,,,,,,,,,,,,,,,,,,,,,,,,,,,,,,,,,,,,,,
Resource Selection,,,,,Final Outputs,,, ,,,,,,,,,,,,,,,,,,,,,,,,,,,,,,,,,,,,,,,,,,,
Technology:,Biogas - Distributed,1.0,,,Values hard-coded by macros,,,,,,,,,,,,,,,,,,,,,,,,,,,,,,,,,,,,,,,,,,,,,,
Vintage:,2015.0,3.0,,,,,,,,,,,,,,,,,,,,,,,,,,,,,,,,,,,,,,,,,,,,,,,,,
,,,,,,,,Biogas - Distributed,Biomass - Distributed,Biomass - Large,Geothermal,Hydro - Small,Solar Thermal - No Storage,Solar Thermal - Storage,Solar PV - Parking Lot,Solar PV - Commercial Rooftop,Solar PV - Residential Rooftop,Solar PV - Fixed Tilt - 1MW,Solar PV - Fixed Tilt - 5MW,Solar PV - Fixed Tilt - 10MW,Solar PV - Fixed Tilt - 20MW+,Solar PV - Tracking - 1MW,Solar PV - Tracking - 5MW,Solar PV - Tracking - 10MW,Solar PV - Tracking - 20MW+,Wind,Wind - Distributed,Battery - Li [Capacity],Battery - Li [Energy],Battery - Flow [Capacity],Battery - Flow [Energy],Pumped Storage [Capacity],Pumped Storage [Energy],Gas - CCGT,Gas - CT - Frame,Gas - CT - Aero,Gas - ICE,,,,,,,,For Dropdown Menus (Do not erase),,,,,Mapping to resolve resource,
,,,,,,,,,,,,,,,,,,,,,,,,,,,,,,,,,,,,,,,,,,,,,Technologies:,,MACRS:,Years,,Resolve resource,Technologies:
,Performance Inputs,,,Units,Active,User Override,,,,,,,,,,,,,,,,,,,,,,,,,,,,,,,,,,,,,,,Biogas - Distributed,,3.0,2013.0,,CAISO_CCGT1,Gas - CCGT
,Plant Output,,Installed Capacity,MW-ac,5.0,,,5.0,5.0,20.0,100.0,25.0,100.0,100.0,0.004,0.004,0.004,1.0,5.0,10.0,20.0,1.0,5.0,10.0,20.0,30.0,3.0,1.0,1.0,1.0,1.0,1.0,1.0,500.0,200.0,100.0,100.0,,,,,,,,Biomass - Distributed,,5.0,2014.0,,CAISO_CCGT2,Gas - CCGT
,,,DC - AC derate,,n/a,,,,,,,,,,0.1670886075949367,0.1670886075949367,0.1670886075949367,0.2857142857142857,0.2857142857142857,0.2857142857142857,0.2857142857142857,0.23076923076923084,0.23076923076923084,0.23076923076923084,0.23076923076923084,,,,,,,,,,,,,,,,,,,,Biomass - Large,,7.0,2015.0,,CAISO_Peaker1,Gas - CT - Frame
,,,Capacity Factor,%,0.9,,,0.9,0.85,0.85,0.825,0.427,0.25,0.351,0.2304099604545419,0.17,0.17,0.28,0.28,0.28,0.28,0.33,0.33,0.33,0.33,0.3,0.28,0.15,0.15,0.15,0.15,0.15,0.15,0.75,0.1,0.1,0.1,,,,,,,,Geothermal,,10.0,2016.0,,CAISO_Peaker2,Gas - CT - Frame
,,,(DC Capacity Factor),%,n/a,,,n/a,n/a,n/a,n/a,n/a,n/a,n/a,0.19191108098618806,0.14159493670886078,0.14159493670886078,0.2,0.2,0.2,0.2,0.25384615384615383,0.25384615384615383,0.25384615384615383,0.25384615384615383,n/a,n/a,n/a,n/a,n/a,n/a,n/a,n/a,n/a,n/a,n/a,n/a,,,,,,,,Hydro - Small,,15.0,2017.0,,CAISO_Advanced_CCGT,Gas - CCGT
,,,Degradation,%/yr,0.0,,,0.0,0.0,0.0,0.0,0.0,0.0,0.0,0.007,0.007,0.007,0.007,0.007,0.007,0.007,0.007,0.007,0.007,0.007,0.0,0.0,0.0,0.0,0.0,0.0,0.0,0.0,0.0,0.0,0.0,0.0,,,,,,,,Solar Thermal - No Storage,,20.0,2018.0,,CAISO_Aero_CT,Gas - CT - Aero
,Plant Cost Inputs,,,,,,,,,,,,,,,,,,,,,,,,,,,,,,,,,,,,,,,,,,,,Solar Thermal - Storage,,,2019.0,,CAISO_Reciprocating_Engine,Gas - ICE
,Capital Costs,,"Installed Cost, 2015",$/kW-ac,10004.580000000002,,,10004.580000000002,6188.400000000001,5891.882401440001,5063.0,4039.5603599999995,6312.731144399999,8615.688586,2629.0,3121.580547112462,3481.7629179331307,2390.0,2220.0,2030.0,1960.0,2310.0,2160.0,2010.0,1950.0000000000002,2044.9,2538.9,229.3771722,710.6194748,2364.957741,326.2692536,1306.6666666666667,130.66666666666666,1300.0,950.0,1250.0,1250.0,,,,,,,,Solar PV - Parking Lot,,True/False,2020.0,,CAISO_CCGT_Retrofit,Gas - CCGT
,,,Progress Multiplier,%,1.0,,,1.0,1.0,1.0,1.0,1.0,0.9846547314578006,0.984643179765131,1.0,1.0,1.0,1.0,1.0,1.0,1.0,1.0,1.0,1.0,1.0,0.9963804544540519,0.9963804544540519,1.0,1.0,1.0,1.0,1.0,1.0,1.0,1.0,1.0,1.0,,,,,,,,Solar PV - Commercial Rooftop,,1,2021.0,,CAISO_Storage_Mandate,Battery - Li [Capacity]
,,,"Installed Cost, 2015",$/kW-ac,10004.580000000002,,,10004.580000000002,6188.400000000001,5891.882401440001,5063.0,4039.5603599999995,6215.860589754475,8483.379005185187,2629.0,3121.580547112462,3481.7629179331307,2390.0,2220.0,2030.0,1960.0,2310.0,2160.0,2010.0,1950.0000000000002,2037.4983913130907,2529.7103358133922,229.3771722,710.6194748,2364.957741,326.2692536,1306.6666666666667,130.66666666666666,1300.0,950.0,1250.0,1250.0,,,,,,,,Solar PV - Residential Rooftop,,0,2022.0,,CAISO_New_Flow_Battery,Battery - Flow [Capacity]
,,,"(DC Installed Cost, 2013)",$/kW-dc,n/a,,,n/a,n/a,n/a,n/a,n/a,n/a,n/a,2189.7240506329113,2600.0,2900.0,1707.142857142857,1585.7142857142858,1450.0,1400.0,1776.9230769230767,1661.5384615384614,1546.153846153846,1500.0,n/a,n/a,n/a,n/a,n/a,n/a,n/a,n/a,n/a,n/a,n/a,n/a,,,,,,,,Solar PV - Fixed Tilt - 1MW,,,2023.0,,CAISO_Existing_Pumped_Storage,Pumped Storage [Capacity]
,,,"(DC Installed Cost, 2015)",$/kW-dc,n/a,,,n/a,n/a,n/a,n/a,n/a,n/a,n/a,2189.7240506329113,2600.0,2900.0,1707.142857142857,1585.7142857142858,1450.0,1400.0,1776.9230769230767,1661.5384615384614,1546.153846153846,1500.0,n/a,n/a,n/a,n/a,n/a,n/a,n/a,n/a,n/a,n/a,n/a,n/a,,,,,,,,Solar PV - Fixed Tilt - 5MW,,,2024.0,,CAISO_New_Li_Battery,Battery - Li [Capacity]
,Interconnection Costs,,Interconnection Cost,$/kW,0.0,,,0.0,0.0,200.0,259.5,167.51,82.52,82.52,200.0,200.0,200.0,200.0,200.0,200.0,200.0,200.0,200.0,200.0,200.0,136.0,200.0,0.0,0.0,0.0,0.0,0.0,0.0,100.0,100.0,100.0,100.0,,,,,,,,Solar PV - Fixed Tilt - 10MW,,,2025.0,,CAISO_New_Pumped_Storage,Pumped Storage [Capacity]
,Fixed O&M,,Annual Fixed O&M,$/kW-yr,442.0,,,442.0,523.0,185.656562,200.0,30.602729999999994,67.32000000000001,67.32000000000001,31.900000000000002,32.642911999999995,32.642911999999995,29.0,26.0,23.0,22.0,34.0,30.0,28.0,26.0,32.8,32.1,2.293771722,7.106194748,59.12394352500001,8.15673134,23.52,0.0,10.0,6.0,12.0,12.0,,,,,,,,Solar PV - Fixed Tilt - 20MW+,,,2026.0,,,
,,,Annual Escalation,%/yr,0.02,,,0.02,0.02,0.02,0.02,0.02,0.02,0.02,0.02,0.02,0.02,0.02,0.02,0.02,0.02,0.02,0.02,0.02,0.02,0.02,0.02,0.02,0.02,0.02,0.02,0.02,0.02,0.02,0.02,0.02,0.02,,,,,,,,Solar PV - Tracking - 1MW,,,2027.0,,,
,Variable O&M,,Variable O&M,$/MWh,0.0,,,0.0,0.0,9.08901081,0.0,0.0,0.0,0.0,0.0,0.0,0.0,0.0,0.0,0.0,0.0,0.0,0.0,0.0,0.0,2.88,3.83,0.00125,0.00125,0.00125,0.00125,0.00125,0.00125,5.0,5.0,5.0,5.0,,,,,,,,Solar PV - Tracking - 5MW,,,2028.0,,,
,,,Annual Escalation,%/yr,0.02,,,0.02,0.02,0.02,0.02,0.02,0.02,0.02,0.02,0.02,0.02,0.02,0.02,0.02,0.02,0.02,0.02,0.02,0.02,0.02,0.02,0.02,0.02,0.02,0.02,0.02,0.02,0.02,0.02,0.02,0.02,,,,,,,,Solar PV - Tracking - 10MW,,,2029.0,,,
,Fuel Costs,,Fuel Type,,Waste,,,Waste,Wood,Wood,,,,,,,,,,,,,,,,,,,,,,,,Gas,Gas,Gas,Gas,,,,,,,,Solar PV - Tracking - 20MW+,,,2030.0,,,
,,,Unit Fuel Cost,$/MMBtu,-5.0,,,-5.0,2.34,2.3870129399999995,0.0,0.0,0.0,0.0,0.0,0.0,0.0,0.0,0.0,0.0,0.0,0.0,0.0,0.0,0.0,0.0,0.0,0.0,0.0,0.0,0.0,0.0,0.0,0.0,0.0,0.0,0.0,,,,,,,,Wind,,,,,,
,,,Annual Escalation,%/yr,0.02,,,0.02,0.02,0.02,0.0,0.0,0.02,0.0,0.0,0.02,0.02,0.0,0.0,0.0,0.02,0.0,0.0,0.0,0.02,0.02,0.02,0.02,0.02,0.02,0.02,0.02,0.02,0.0,0.0,0.0,0.0,,,,,,,,Wind - Distributed,,,,,,
,,,Heat Rate,Btu/kWh,10000.0,,,10000.0,16391.0,14465.0,,,,,,,,,,,,,,,,,,,,,,,,7000.0,12000.0,9300.0,9300.0,,,,,,,,Battery - Li [Capacity],,,,,,
,Property Tax,,Property Tax,%,0.01,,,0.01,0.01,0.01,0.01,0.01,0.01,0.01,0.01,0.01,0.01,0.01,0.01,0.01,0.01,0.01,0.01,0.01,0.01,0.01,0.01,0.01,0.01,0.01,0.01,0.01,0.01,0.01,0.01,0.01,0.01,,,,,,,,Battery - Li [Energy],,,,,,
,Periodic Replacement,,Term,yrs,0.0,,,,,,,,,,,,,,,,,,,,,,,10.0,10.0,,,,,,,,,,,,,,,,Battery - Flow [Capacity],,,,,,
,,,Cost,%,,,,,,,,,,,,,,,,,,,,,,,,,,,,,,,,,,,,,,,,,Battery - Flow [Energy],,,,,,
,Financing Selection,,,,,,,,,,,,,,,,,,,,,,,,,,,,,,,,,,,,,,,,,,,,Pumped Storage [Capacity],,,,,,
,Financing Inputs,"Enable ITC/PTC (if not enabled, will expire early)",Financing Lifetime,yrs,20.0,,,20.0,20.0,20.0,20.0,20.0,20.0,20.0,25.0,25.0,25.0,25.0,25.0,25.0,25.0,25.0,25.0,25.0,25.0,25.0,25.0,20.0,20.0,20.0,20.0,25.0,25.0,20.0,20.0,20.0,20.0,,,,,,,,Pumped Storage [Energy],,,,,,
,,,Debt Period,yrs,18.0,,,18.0,18.0,18.0,18.0,18.0,18.0,18.0,20.0,20.0,20.0,20.0,20.0,20.0,20.0,20.0,20.0,20.0,20.0,20.0,20.0,18.0,18.0,18.0,18.0,20.0,20.0,18.0,18.0,18.0,18.0,,,,,,,,Gas - CCGT,,,,,,
,,,After-Tax WACC,%,0.07579999999999999,,,0.07579999999999999,0.07579999999999999,0.07579999999999999,0.07579999999999999,0.07579999999999999,0.07579999999999999,0.07579999999999999,0.07709999999999999,0.07709999999999999,0.07709999999999999,0.07709999999999999,0.07709999999999999,0.07709999999999999,0.07709999999999999,0.07709999999999999,0.07709999999999999,0.07709999999999999,0.07709999999999999,0.07709999999999999,0.07709999999999999,0.07579999999999999,0.07579999999999999,0.07579999999999999,0.07579999999999999,0.07709999999999999,0.07709999999999999,0.07579999999999999,0.07579999999999999,0.07579999999999999,0.07579999999999999,,,,,,,,Gas - CT - Frame,,,,,,
,,,Debt Cost,%,0.0617,,,0.0617,0.0617,0.0617,0.0617,0.0617,0.0617,0.0617,0.0641,0.0641,0.0641,0.0641,0.0641,0.0641,0.0641,0.0641,0.0641,0.0641,0.0641,0.0641,0.0641,0.0617,0.0617,0.0617,0.0617,0.0641,0.0641,0.0617,0.0617,0.0617,0.0617,,,,,,,,Gas - CT - Aero,,,,,,
,,,Equity Floor,%,0.2,,,0.2,0.2,0.2,0.2,0.2,0.2,0.2,0.2,0.2,0.2,0.2,0.2,0.2,0.2,0.2,0.2,0.2,0.2,0.2,0.2,0.2,0.2,0.2,0.2,0.2,0.2,0.2,0.2,0.2,0.2,,,,,,,,Gas - ICE,,,,,,
,,,PPA Escalation Rate,%/yr,0.02,,,0.02,0.02,0.02,0.02,0.02,0.02,0.02,0.02,0.02,0.02,0.02,0.02,0.02,0.02,0.02,0.02,0.02,0.02,0.02,0.02,0.02,0.02,0.02,0.02,0.02,0.02,0.02,0.02,0.02,0.02,,,,,,,,,,,,,,
,,,Minimum DSCR,,1.4,,,1.4,1.4,1.4,1.4,1.4,1.4,1.4,1.4,1.4,1.4,1.4,1.4,1.4,1.4,1.4,1.4,1.4,1.4,1.4,1.4,1.4,1.4,1.4,1.4,1.4,1.4,1.4,1.4,1.4,1.4,,,,,,,,,,,,,,
,,,Variable Cost Pass-Through,,0,,,,,,,,,,,,,,,,,,,,,,,1,1,1,1,1,1,1,1,1,1,,,,,,,,,,,,,,
,Manual Equity Specification,,Equity Share,%,n/a,,,,,,,,,,,,,,,,,,,,,,,,,,,,,,,,,,,,,,,,,,,,,,
,,,Implied Equity Return,%,n/a,,,n/a,n/a,n/a,n/a,n/a,n/a,n/a,n/a,n/a,n/a,n/a,n/a,n/a,n/a,n/a,n/a,n/a,n/a,n/a,n/a,n/a,n/a,n/a,n/a,n/a,n/a,n/a,n/a,n/a,n/a,,,,,,,,,,,,,,
,Tax Assumptions,,,,,,,,,,,,,,,,,,,,,,,,,,,,,,,,,,,,,,,,,,,,,,,,,,
,Toggle,,Enable Tax Credits,-,1.0,,,1.0,1.0,1.0,1.0,1.0,1.0,1.0,1.0,1.0,1.0,1.0,1.0,1.0,1.0,1.0,1.0,1.0,1.0,1.0,1.0,1.0,1.0,1.0,1.0,1.0,1.0,1.0,1.0,1.0,1.0,,,,,,,,,,,,,,
,ITC,,Credit,%,0.0,,,0.0,0.0,0.0,0.0,0.0,0.3,0.3,0.3,0.3,0.3,0.3,0.3,0.3,0.3,0.3,0.3,0.3,0.3,0.0,0.0,0.0,0.0,0.0,0.0,0.0,0.0,0.0,0.0,0.0,0.0,,,,,,,,,,,,,,
,,,Capital Costs Eligible,%,0.0,,,,,,0.95,,0.95,0.95,0.95,0.95,0.95,0.95,0.95,0.95,0.95,0.95,0.95,0.95,0.95,,,,,,,,,,,,,,,,,,,,,,,,,,
,PTC,,Unit Credit,$/MWh,11.0,,,11.0,23.0,23.0,23.0,11.0,0.0,0.0,0.0,0.0,0.0,0.0,0.0,0.0,0.0,0.0,0.0,0.0,0.0,23.0,23.0,0.0,0.0,0.0,0.0,0.0,0.0,0.0,0.0,0.0,0.0,,,,,,,,,,,,,,
,,,Duration,yrs,10.0,,,10.0,10.0,10.0,10.0,10.0,,,,,,,,,,,,,,10.0,10.0,,,,,,,,,,,,,,,,,,Fuel Cost Inputs,,Units,Value,,,
,MACRS,,Term,yrs,10.0,,,10.0,10.0,10.0,5.0,20.0,5.0,5.0,5.0,5.0,5.0,5.0,5.0,5.0,5.0,5.0,5.0,5.0,5.0,5.0,5.0,5.0,5.0,5.0,5.0,5.0,5.0,20.0,20.0,20.0,20.0,,,,,,,,Fuel Cost,Gas,$/MMBtu,7.0862,,,
,,,Include Bonus Depreciation?,,0,,,0,0,0,0,0,0,0,0,0,0,0,0,0,0,0,0,0,0,0,0,0,0,0,0,0,0,0,0,0,0,,,,,,,,,Waste,$/MMBtu,-5.0,,,
,"Calculated Levelized Costs, 2015",,,,,,,"Values in blue text below are hard-coded.  To refresh, click the 'Calculate LCOEs, 2015' button",,,,,,,,,,,,,,,,,,,,,,,,,,,,,,,,,,,,,,Wood,$/MMBtu,2.34,,,
,Levelized Cost of Energy,,Capital,$/MWh,122.48223444320946,,,122.48223444320946,81.93819131406256,78.02418110921325,62.75657754902419,134.13122879600377,255.16831329484424,248.08549580965425,113.67464228079263,183.02067681422753,204.16947928108604,85.02499576506102,78.95243479068381,72.18383156103634,69.683653960543,69.72761158975713,65.17940562572421,60.64346977541611,58.823863732925915,63.74946611987314,83.81065761556685,13.156426177636275,40.75912424469614,143.37958328110034,19.780628130303516,73.87658627898507,7.387658627898508,24.575692557019316,134.69369959135594,177.2285520938894,177.2285520938894,,,,,,,,Escalation,Gas,%/yr,0.02,,,
,(by component),,Interconnection,$/MWh,0.0,,,0.0,0.0,2.6485315148226247,3.2165379960441984,5.562071149648225,3.3875420642151624,2.4131911472657084,8.647747605994114,11.726154366481177,11.727936915491455,7.115062407118078,7.112831963124666,7.111707542959246,7.110576934749287,6.037022648463822,6.03513015053002,6.03417609705633,6.033216793120606,4.255182447881741,6.626107062856168,0.0,0.0,0.0,0.0,0.0,0.0,1.8904378890014861,14.17828416751115,14.17828416751115,14.17828416751115,,,,,,,,,Waste,%/yr,0.02,,,
,,,Property Tax,$/MWh,9.143379386294212,,,9.143379386294212,5.197244326324289,4.938462979707118,4.187932292002501,7.781379835947008,16.854534951072385,16.378623052221634,8.356467094245454,13.434950950896631,14.980301304548346,6.25338256775142,5.812390456007188,5.316683381730866,5.135044205999518,5.1282970011685265,4.798435364173012,4.4666807094165275,4.3347775764931,4.787425820008727,6.544863077904322,1.2577934353945524,3.896693388859226,12.426075390640952,1.7142996987199661,7.082220686188061,0.7082220686188064,1.4257142071550204,7.814010558445789,10.281592840060243,10.281592840060243,,,,,,,,,Wood,%/yr,0.02,,,
,,,ITC,$/MWh,0.0,,,0.0,0.0,0.0,0.0,0.0,-112.32767432917863,-109.09235574991084,-50.66503650735983,-81.29733873873816,-90.59010188910557,-37.93885556795791,-35.30968488150084,-32.3196110408673,-31.236091511880844,-31.113036365354596,-29.150010123302902,-27.152525890133028,-26.36812919834097,0.0,0.0,0.0,0.0,0.0,0.0,0.0,0.0,0.0,0.0,0.0,0.0,,,,,,,,,,,,,,
,,,Fixed O&M,$/MWh,56.06291222729579,,,56.06291222729579,70.23905452591997,24.933731130808475,27.67400027674001,8.181410606011998,30.739726027397264,21.894391757405458,16.681478353244767,23.13832744864759,23.139155060545704,12.478699993279356,11.18698607278612,9.89581833452883,9.465218376764021,12.413503023617496,10.952294057273123,10.221767555033736,9.49129335851819,12.480974124809729,13.087084148727998,1.745640579908676,5.408062974124809,44.995390810502286,6.207558097412481,17.899543378995425,0.0,1.5220700152207003,6.849315068493152,13.698630136986305,13.698630136986305,,,,,,,,,,,,,,
,,,Periodic Replacement,$/MWh,0.0,,,0.0,0.0,0.0,0.0,0.0,0.0,0.0,0.0,0.0,0.0,0.0,0.0,0.0,0.0,0.0,0.0,0.0,0.0,0.0,0.0,8.17237508914912,25.318338516511513,0.0,0.0,0.0,0.0,0.0,0.0,0.0,0.0,,,,,,,,,,,,,,
,,,Variable O&M,$/MWh,0.0,,,0.0,0.0,9.089010809999992,0.0,0.0,0.0,0.0,0.0,0.0,0.0,0.0,0.0,0.0,0.0,0.0,0.0,0.0,0.0,2.8799999999999972,3.830000000000004,0.00125,0.00125,0.0012499999999999998,0.0012499999999999998,0.0012499999999999992,0.0012499999999999992,5.000000000000002,5.000000000000002,5.000000000000002,5.000000000000002,,,,,,,,,,,,,,
,,,Fuel,$/MWh,-50.0,,,-50.0,38.35494,33.84809999999998,0.0,0.0,0.0,0.0,0.0,0.0,0.0,0.0,0.0,0.0,0.0,0.0,0.0,0.0,0.0,0.0,0.0,0.0,0.0,0.0,0.0,0.0,0.0,49.60340000000001,85.03440000000003,65.90166000000002,65.90166000000002,,,,,,,,,,,,,,
,,,Carbon,$/MWh,0.0,,,0.0,0.0,0.0,0.0,0.0,0.0,0.0,0.0,0.0,0.0,0.0,0.0,0.0,0.0,0.0,0.0,0.0,0.0,0.0,0.0,0.0,0.0,0.0,0.0,0.0,0.0,0.0,0.0,0.0,0.0,,,,,,,,,,,,,,
,,,PTC,$/MWh,-15.768008156186808,,,-15.768008156186808,-28.383110189454232,-28.319334266360926,-26.937598428744607,-15.768008156186808,0.0,0.0,0.0,0.0,0.0,0.0,0.0,0.0,0.0,0.0,0.0,0.0,0.0,-25.408587197039285,-26.378889078227843,0.0,0.0,0.0,0.0,0.0,0.0,0.0,0.0,0.0,0.0,,,,,,,,,,,,,,
,,,Total,$/MWh,121.92051790061265,,,121.92051790061265,167.34631997685258,125.16268327819051,70.89744968506629,139.88808223142422,193.8224420083505,179.6793460166361,96.6952988269171,150.02277084151476,163.42677067256597,72.93328516525196,67.75495840110095,62.18842977938798,60.158401966175,62.1933978976524,57.815255074397456,54.213568246789684,52.315022262716845,62.744461315534046,87.51982282682751,24.333485282088624,75.38346912419169,200.80229948224357,27.703735926435957,98.85960034416856,8.097130696517311,84.01731466839655,253.56970938580608,286.2887192384472,286.2887192384472,,,,,,,,,,,,,,
,Levelized Fixed Cost,,Capital,$/kW-yr,965.6499363502636,,,965.6499363502636,610.1117725245098,580.9680525392018,453.5417859467978,501.7205439360281,558.818606115709,762.8033590956926,217.38007938918287,258.2005056625843,288.02634875039956,197.59469163572606,183.49565210878453,167.77067542872226,161.96566482769995,190.9806433801369,178.53631015989842,166.1177623703112,161.13930939490558,167.53359696302658,205.57078099946233,17.287543997414062,53.55748925753072,188.4007724313658,25.99174536321881,97.07383437058635,9.707383437058636,161.46230009961693,117.99168084202775,155.25221163424706,155.25221163424706,,,,,,,,,,,,,,
,(by component),,Interconnection,$/kW-yr,0.0,,,0.0,0.0,19.720965659369266,23.245920097411425,20.805038376682177,7.418717120631207,7.41998361196671,16.53709238411433,16.542934053162654,16.544857047382184,16.53512063897289,16.531139829620223,16.52913058411057,16.52710865588775,16.53512063897289,16.531139829620223,16.52913058411057,16.52710865588775,11.182619473033215,16.252515403773604,0.0,0.0,0.0,0.0,0.0,0.0,12.420176930739764,12.420176930739762,12.420176930739762,12.420176930739762,,,,,,,,,,,,,,
,,,Property Tax & Insurance,$/kW-yr,72.08640308154358,,,72.08640308154358,38.698681253810655,36.7717953468992,30.266186674302073,29.106406903956504,36.91143154284853,50.360335016049,15.980076505304355,18.95365698267303,21.13303860656717,14.532611134369752,13.508745865324022,12.357110210191845,11.935379410719117,14.046163899746494,13.143644625720675,12.235365282012618,11.874484617807287,12.581355054982934,16.053240157483717,1.6527405741084413,5.120255112961022,16.32786306330221,2.252589804118035,9.30603798165111,0.9306037981651114,9.366942341008484,6.845073249198508,9.00667532789277,9.00667532789277,,,,,,,,,,,,,,
,,,ITC,$/kW-yr,0.0,,,0.0,0.0,0.0,0.0,0.0,-245.99760678090126,-335.43281176559594,-96.88677648107866,-114.69203554891898,-127.79743755982095,-88.1683838912169,-82.06426654559883,-75.11769404115086,-72.60202415914232,-85.21714091577869,-79.84631339571777,-74.37761823778975,-72.23160566853444,0.0,0.0,0.0,0.0,0.0,0.0,0.0,0.0,0.0,0.0,0.0,0.0,,,,,,,,,,,,,,
,,,Fixed O&M,$/kW-yr,442.0000000000001,,,442.0000000000001,523.0000000000001,185.65656199999992,200.00000000000006,30.602729999999994,67.32000000000002,67.32000000000001,31.899999999999988,32.64291199999996,32.642911999999974,29.00000000000002,26.000000000000004,22.99999999999999,22.000000000000025,34.00000000000003,30.0,27.999999999999996,26.000000000000025,32.79999999999997,32.10000000000003,2.2937717220000002,7.106194747999998,59.123943524999994,8.156731339999997,23.519999999999982,0.0,10.0,6.0,12.0,12.0,,,,,,,,,,,,,,
,,,Periodic Replacement,$/kW-yr,0.0,,,0.0,0.0,0.0,0.0,0.0,0.0,0.0,0.0,0.0,0.0,0.0,0.0,0.0,0.0,0.0,0.0,0.0,0.0,0.0,0.0,10.738500867141944,33.26829681069612,0.0,0.0,0.0,0.0,0.0,0.0,0.0,0.0,,,,,,,,,,,,,,
,,,PTC,$/kW-yr,-124.3149763033768,,,-124.3149763033768,-211.34063847067623,-210.86576294732345,-194.67802384453728,-58.980549868379875,0.0,0.0,0.0,0.0,0.0,0.0,0.0,0.0,0.0,0.0,0.0,0.0,0.0,-66.77376715381925,-64.70213913107725,0.0,0.0,0.0,0.0,0.0,0.0,0.0,0.0,0.0,0.0,,,,,,,,,,,,,,
,,,Total,$/kW-yr,1355.4213631284304,,,1355.4213631284304,960.4698153076444,612.2516125981468,512.3758688739741,523.254169348287,424.4711479982875,552.4708659581124,184.91047179752286,211.64797314950096,230.549718844528,169.49403951785183,157.47127125812995,144.5392221818738,139.82612873516453,170.34478700307764,158.36478121952155,148.50463999864462,143.3092970000662,157.32380433722344,205.27439742964245,31.972557160664447,99.05223592918784,263.852579019668,36.40106650733684,129.89987235223745,10.637987235223747,193.24941937136518,143.25693102196604,188.67906389287958,188.67906389287958,,,,,,,,,,,,,,
,Project Finance Details,,Equity Share,%,0.2,,,0.2,0.39,0.394,0.499,0.2,0.5189999999999999,0.5199999999999999,0.5249999999999999,0.5279999999999999,0.5289999999999999,0.5239999999999999,0.5219999999999999,0.5209999999999999,0.5199999999999999,0.5239999999999999,0.5219999999999999,0.5209999999999999,0.5199999999999999,0.484,0.42299999999999993,0.2,0.2,0.243,0.243,0.25,0.25,0.2,0.2,0.2,0.2,,,,,,,,,,,,,,
,,,Debt Share,%,0.8,,,0.8,0.61,0.606,0.501,0.8,0.4810000000000001,0.4800000000000001,0.4750000000000001,0.4720000000000001,0.4710000000000001,0.4760000000000001,0.4780000000000001,0.4790000000000001,0.4800000000000001,0.4760000000000001,0.4780000000000001,0.4790000000000001,0.4800000000000001,0.516,0.5770000000000001,0.8,0.8,0.757,0.757,0.75,0.75,0.8,0.8,0.8,0.8,,,,,,,,,,,,,,
,,,Equity Return,%,0.22980939999999994,,,0.22980939999999994,0.13602162435897433,0.13501935050761418,0.11445666803607213,0.22980939999999994,0.11148329547206165,0.11134063076923077,0.11179902142857141,0.11138396136363636,0.11124665415879016,0.11193843091603052,0.11221885229885056,0.11235987034548943,0.11250143076923075,0.11193843091603052,0.11221885229885056,0.11235987034548943,0.11250143076923075,0.11798718966942146,0.1294140528368794,0.22980939999999994,0.22980939999999994,0.19574353477366255,0.19574353477366255,0.19215464999999993,0.19215464999999993,0.22980939999999994,0.22980939999999994,0.22980939999999994,0.22980939999999994,,,,,,,,,,,,,,
,,,Debt Return,%,0.0617,,,0.0617,0.0617,0.0617,0.0617,0.0617,0.0617,0.0617,0.0641,0.0641,0.0641,0.0641,0.0641,0.0641,0.0641,0.0641,0.0641,0.0641,0.0641,0.0641,0.0641,0.0617,0.0617,0.0617,0.0617,0.0641,0.0641,0.0617,0.0617,0.0617,0.0617,,,,,,,,,,,,,,
,,,After-Tax WACC,%,0.07579999999999999,,,0.07579999999999999,0.07579999999999999,0.07579999999999999,0.07579999999999999,0.07579999999999999,0.07579999999999999,0.07579999999999999,0.07709999999999999,0.0771,0.07709999999999999,0.07709999999999999,0.07709999999999999,0.07709999999999999,0.07709999999999999,0.07709999999999999,0.07709999999999999,0.07709999999999999,0.07709999999999999,0.07709999999999999,0.07709999999999999,0.07579999999999999,0.07579999999999999,0.07579999999999999,0.07579999999999999,0.07709999999999999,0.07709999999999999,0.07579999999999999,0.07579999999999999,0.07579999999999999,0.07579999999999999,,,,,,,,,,,,,,
,,,Levelized Cost Escalation,%/yr,0.02,,,0.02,0.02,0.02,0.02,0.02,0.02,0.02,0.02,0.02,0.02,0.02,0.02,0.02,0.02,0.02,0.02,0.02,0.02,0.02,0.02,0.02,0.02,0.02,0.02,0.02,0.02,0.02,0.02,0.02,0.02,,,,,,,,,,,,,,
,,,NPV Equity Return,$,0.0,,,0.0,0.0,0.0,0.0,0.0,0.0,0.0,0.0,0.0,0.0,0.0,0.0,0.0,0.0,0.0,0.0,0.0,0.0,0.0,0.0,0.0,0.0,0.0,0.0,0.0,0.0,0.0,0.0,0.0,0.0,,,,,,,,,,,,,,
,,,DSCR (>1.4 desired for IPP),,1.4035653874905631,,,1.4035653874905631,1.4025006205056296,1.4008513831549863,1.4028598084608441,1.8249717338815001,1.4031169640312215,1.4037647214211908,1.4002253370307005,1.4029012072575795,1.4015700390369152,1.4026976914571143,1.4000149326514688,1.403179525165734,1.4019980524469564,1.4040927307083646,1.4012185273399018,1.4028856069589173,1.401529049122687,1.4018842012275223,1.4014983400474832,1.5872222909240252,1.5872222909240254,1.402193197140076,1.4021931971400765,1.401040998733759,1.401040998733758,2.0510272737756683,2.050075066855624,2.0509214730067753,2.0509214730067753,,,,,,,,,,,,,,
,,,,,,,,,,,,,,,,,,,,,,,,,,,,,,,,,,,,,,,,,,,,,,,,,,,
,Yearly Lookup Tables,,,,,,,,,,,,,,,,,,,,,,,,,,,,,,,,,,,,,,,,,,,,,,,,,,
,Investment Tax Credit,,,2013.0,,,,,,,,,0.3,0.3,0.3,0.3,0.3,0.3,0.3,0.3,0.3,0.3,0.3,0.3,0.3,,,,,,,,,,,,,,,,,,,,,,,,,,
,(%),,,2014.0,,,,,,,,,0.3,0.3,0.3,0.3,0.3,0.3,0.3,0.3,0.3,0.3,0.3,0.3,0.3,,,,,,,,,,,,,,,,,,,,,,,,,,
,,,,2015.0,,,,,,,,,0.3,0.3,0.3,0.3,0.3,0.3,0.3,0.3,0.3,0.3,0.3,0.3,0.3,,,,,,,,,,,,,,,,,,,,,,,,,,
,,,,2016.0,,,,,,,,,0.3,0.3,0.3,0.3,0.3,0.3,0.3,0.3,0.3,0.3,0.3,0.3,0.3,,,,,,,,,,,,,,,,,,,,Financing Lifetime,,10.0,16.0,20.0,25.0,
,,,,2017.0,,,,,,,0.1,,0.3,0.3,0.3,0.3,0.3,0.3,0.3,0.3,0.3,0.3,0.3,0.3,0.3,,,,,,,,,,,,,,,,,,,,Debt Tenor,,8.0,10.0,18.0,20.0,
,,,,2018.0,,,,,,,0.1,,0.3,0.3,0.3,0.3,0.3,0.3,0.3,0.3,0.3,0.3,0.3,0.3,0.3,,,,,,,,,,,,,,,,,,,,WACC,2013.0,0.071,0.071,0.071,0.0725,
,,,,2019.0,,,,,,,0.1,,0.3,0.3,0.3,0.3,0.3,0.3,0.3,0.3,0.3,0.3,0.3,0.3,0.3,,,,,,,,,,,,,,,,,,,,,2014.0,0.07339999999999999,0.07339999999999999,0.07339999999999999,0.07479999999999999,
,,,,2020.0,,,,,,,0.1,,0.3,0.3,0.3,0.3,0.3,0.3,0.3,0.3,0.3,0.3,0.3,0.3,0.3,,,,,,,,,,,,,,,,,,,,,2015.0,0.07579999999999999,0.07579999999999999,0.07579999999999999,0.07709999999999999,
,,,,2021.0,,,,,,,0.1,,0.3,0.3,0.3,0.3,0.3,0.3,0.3,0.3,0.3,0.3,0.3,0.3,0.3,,,,,,,,,,,,,,,,,,,,,2016.0,0.07819999999999999,0.07819999999999999,0.07819999999999999,0.07939999999999998,
,,,,2022.0,,,,,,,0.1,,0.3,0.3,0.3,0.3,0.3,0.3,0.3,0.3,0.3,0.3,0.3,0.3,0.3,,,,,,,,,,,,,,,,,,,,,2017.0,0.08059999999999999,0.08059999999999999,0.08059999999999999,0.08169999999999998,
,,,,2023.0,,,,,,,0.1,,0.26,0.26,0.26,0.26,0.26,0.26,0.26,0.26,0.26,0.26,0.26,0.26,0.26,,,,,,,,,,,,,,,,,,,,,2018.0,0.08299999999999999,0.08299999999999999,0.08299999999999999,0.08399999999999998,
,,,,2024.0,,,,,,,0.1,,0.22,0.22,0.22,0.22,0.22,0.22,0.22,0.22,0.22,0.22,0.22,0.22,0.22,,,,,,,,,,,,,,,,,,,,,2019.0,0.083,0.083,0.083,0.084,
,,,,2025.0,,,,,,,0.1,,0.1,0.1,0.1,0.1,0.1,0.1,0.1,0.1,0.1,0.1,0.1,0.1,0.1,,,,,,,,,,,,,,,,,,,,,2020.0,0.083,0.083,0.083,0.084,
,,,,2026.0,,,,,,,0.1,,0.1,0.1,0.1,0.1,0.1,0.1,0.1,0.1,0.1,0.1,0.1,0.1,0.1,,,,,,,,,,,,,,,,,,,,,2021.0,0.083,0.083,0.083,0.084,
,,,,2027.0,,,,,,,0.1,,0.1,0.1,0.1,0.1,0.1,0.1,0.1,0.1,0.1,0.1,0.1,0.1,0.1,,,,,,,,,,,,,,,,,,,,,2022.0,0.083,0.083,0.083,0.084,
,,,,2028.0,,,,,,,0.1,,0.1,0.1,0.1,0.1,0.1,0.1,0.1,0.1,0.1,0.1,0.1,0.1,0.1,,,,,,,,,,,,,,,,,,,,,2023.0,0.083,0.083,0.083,0.084,
,,,,2029.0,,,,,,,0.1,,0.1,0.1,0.1,0.1,0.1,0.1,0.1,0.1,0.1,0.1,0.1,0.1,0.1,,,,,,,,,,,,,,,,,,,,,2024.0,0.083,0.083,0.083,0.084,
,,,,2030.0,,,,,,,0.1,,0.1,0.1,0.1,0.1,0.1,0.1,0.1,0.1,0.1,0.1,0.1,0.1,0.1,,,,,,,,,,,,,,,,,,,,,2025.0,0.083,0.083,0.083,0.084,
,Production Tax Credit,,,2013.0,,,,11.0,23.0,23.0,23.0,11.0,,,,,,,,,,,,,,23.0,23.0,,,,,,,,,,,,,,,,,,,2026.0,0.083,0.083,0.083,0.084,
,($/MWh),,,2014.0,,,,11.0,23.0,23.0,23.0,11.0,,,,,,,,,,,,,,23.0,23.0,,,,,,,,,,,,,,,,,,,2027.0,0.083,0.083,0.083,0.084,
,,,,2015.0,,,,11.0,23.0,23.0,23.0,11.0,,,,,,,,,,,,,,23.0,23.0,,,,,,,,,,,,,,,,,,,2028.0,0.083,0.083,0.083,0.084,
,,,,2016.0,,,,11.0,23.0,23.0,23.0,11.0,,,,,,,,,,,,,,23.0,23.0,,,,,,,,,,,,,,,,,,,2029.0,0.083,0.083,0.083,0.084,
,,,,2017.0,,,,,,,,,,,,,,,,,,,,,,23.0,23.0,,,,,,,,,,,,,,,,,,,2030.0,0.083,0.083,0.083,0.084,
,,,,2018.0,,,,,,,,,,,,,,,,,,,,,,23.0,23.0,,,,,,,,,,,,,,,,,,Debt Cost,2013.0,0.0515,0.0515,0.0515,0.0545,
,,,,2019.0,,,,,,,,,,,,,,,,,,,,,,23.0,23.0,,,,,,,,,,,,,,,,,,,2014.0,0.0566,0.0566,0.0566,0.0593,
,,,,2020.0,,,,,,,,,,,,,,,,,,,,,,18.4,18.4,,,,,,,,,,,,,,,,,,,2015.0,0.0617,0.0617,0.0617,0.0641,
,,,,2021.0,,,,,,,,,,,,,,,,,,,,,,13.8,13.8,,,,,,,,,,,,,,,,,,,2016.0,0.0668,0.0668,0.0668,0.0689,
,,,,2022.0,,,,,,,,,,,,,,,,,,,,,,9.2,9.2,,,,,,,,,,,,,,,,,,,2017.0,0.07189999999999999,0.07189999999999999,0.07189999999999999,0.0737,
,,,,2023.0,,,,,,,,,,,,,,,,,,,,,,,,,,,,,,,,,,,,,,,,,,2018.0,0.07699999999999999,0.07699999999999999,0.07699999999999999,0.0785,
,,,,2024.0,,,,,,,,,,,,,,,,,,,,,,,,,,,,,,,,,,,,,,,,,,2019.0,0.077,0.077,0.077,0.0785,
,,,,2025.0,,,,,,,,,,,,,,,,,,,,,,,,,,,,,,,,,,,,,,,,,,2020.0,0.077,0.077,0.077,0.0785,
,,,,2026.0,,,,,,,,,,,,,,,,,,,,,,,,,,,,,,,,,,,,,,,,,,2021.0,0.077,0.077,0.077,0.0785,
,,,,2027.0,,,,,,,,,,,,,,,,,,,,,,,,,,,,,,,,,,,,,,,,,,2022.0,0.077,0.077,0.077,0.0785,
,,,,2028.0,,,,,,,,,,,,,,,,,,,,,,,,,,,,,,,,,,,,,,,,,,2023.0,0.077,0.077,0.077,0.0785,
,,,,2029.0,,,,,,,,,,,,,,,,,,,,,,,,,,,,,,,,,,,,,,,,,,2024.0,0.077,0.077,0.077,0.0785,
,,,,2030.0,,,,,,,,,,,,,,,,,,,,,,,,,,,,,,,,,,,,,,,,,,2025.0,0.077,0.077,0.077,0.0785,
,Cost Reduction Trajectories,,,,,,,,,,,,,,,,,,,,,,,,,,,,,,,,,,,,,,,,,,,,,2026.0,0.077,0.077,0.077,0.0785,
,Category for Cost Reductions,,,Technology Category,,,,n/a,n/a,n/a,n/a,n/a,n/a,n/a,Solar,Solar,Solar,Solar,Solar,Solar,Solar,Solar,Solar,Solar,Solar,n/a,n/a,Lithium Ion Batteries,Lithium Ion Batteries,Flow Batteries,Flow Batteries,n/a,n/a,n/a,n/a,n/a,n/a,,,,,,,,,2027.0,0.077,0.077,0.077,0.0785,
,,,,Active Cost Reduction Trajectory,,,,Mid,Mid,Mid,Mid,Mid,Mid,Mid,Mid,Mid,Mid,Mid,Mid,Mid,Mid,Mid,Mid,Mid,Mid,Mid,Mid,Mid,Mid,Mid,Mid,Mid,Mid,Mid,Mid,Mid,Mid,,,,,,,,,2028.0,0.077,0.077,0.077,0.0785,
,Active Capital Cost Multipliers,,,2013.0,1.0,,,1.0,1.0,1.0,1.0,1.0,1.0,1.0,1.0,1.0,1.0,1.0,1.0,1.0,1.0,1.0,1.0,1.0,1.0,1.0,1.0,1.0,1.0,1.0,1.0,1.0,1.0,1.0,1.0,1.0,1.0,,,,,,,,,2029.0,0.077,0.077,0.077,0.0785,
,(%),,,2014.0,1.0,,,1.0,1.0,1.0,1.0,1.0,1.0,1.0,1.0,1.0,1.0,1.0,1.0,1.0,1.0,1.0,1.0,1.0,1.0,1.0,1.0,1.0,1.0,1.0,1.0,1.0,1.0,1.0,1.0,1.0,1.0,,,,,,,,,2030.0,0.077,0.077,0.077,0.0785,
,,,,2015.0,1.0,,,1.0,1.0,1.0,1.0,1.0,0.9846547314578006,0.984643179765131,1.0,1.0,1.0,1.0,1.0,1.0,1.0,1.0,1.0,1.0,1.0,0.9963804544540519,0.9963804544540519,1.0,1.0,1.0,1.0,1.0,1.0,1.0,1.0,1.0,1.0,,,,,,,,,,,,,,
,,,,2016.0,1.0,,,1.0,1.0,1.0,1.0,1.0,0.9769820971867008,0.9769647696476965,1.0,1.0,1.0,1.0,1.0,1.0,1.0,1.0,1.0,1.0,1.0,0.994470138749246,0.994470138749246,1.0,1.0,1.0,1.0,1.0,1.0,1.0,1.0,1.0,1.0,,,,,,,,,,,,,,
,,,,2017.0,1.0,,,1.0,1.0,1.0,1.0,1.0,0.969309462915601,0.969286359530262,0.9746536948207851,0.9739008342709075,0.9739008342709075,0.9864383570691635,0.9864383570691635,0.9864383570691635,0.9875400031335733,0.9859847381014656,0.9859847381014656,0.9859847381014656,0.9869524585658883,0.99255982304444,0.99255982304444,0.94,0.94,0.95,0.95,1.0,1.0,1.0,1.0,1.0,1.0,,,,,,,,,,,,,,
,,,,2018.0,1.0,,,1.0,1.0,1.0,1.0,1.0,0.9616368286445013,0.9616079494128275,0.9523292131780444,0.9509132492130359,0.9509132492130359,0.9743597462473832,0.9743597462473832,0.9743597462473832,0.9764425679807892,0.9735021137689222,0.9735021137689222,0.9735021137689222,0.9753317297229728,0.9906495073396341,0.9906495073396341,0.89,0.89,0.89,0.89,1.0,1.0,1.0,1.0,1.0,1.0,,,,,,,,,,,,,,
,,,,2019.0,1.0,,,1.0,1.0,1.0,1.0,1.0,0.9539641943734015,0.9539295392953929,0.9323250280182582,0.9303148803356325,0.9303148803356325,0.9634255973193786,0.9634255973193786,0.9634255973193786,0.966396627229009,0.962202232062472,0.962202232062472,0.962202232062472,0.9648120779438728,0.9887391916348282,0.9887391916348282,0.84,0.84,0.84,0.84,1.0,1.0,1.0,1.0,1.0,1.0,,,,,,,,,,,,,,
,,,,2020.0,1.0,,,1.0,1.0,1.0,1.0,1.0,0.9462915601023018,0.9462511291779584,0.9141145536175577,0.9115635007547129,0.9115635007547129,0.9533771925414911,0.9533771925414911,0.9533771925414911,0.9571644794218742,0.9518177214730982,0.9518177214730982,0.9518177214730982,0.9551445930856698,0.9868288759300221,0.9868288759300221,0.79,0.79,0.8,0.8,1.0,1.0,1.0,1.0,1.0,1.0,,,,,,,,,,,,,,
,,,,2021.0,1.0,,,1.0,1.0,1.0,1.0,1.0,0.938618925831202,0.9373826013392409,0.8993641286728549,0.896374944376009,0.896374944376009,0.945169578347483,0.945169578347483,0.945169578347483,0.9496235901904048,0.9433355734709861,0.9433355734709861,0.9433355734709861,0.9472481172075131,0.9850191031570481,0.9850191031570481,0.75,0.75,0.76,0.76,1.0,1.0,1.0,1.0,1.0,1.0,,,,,,,,,,,,,,
,,,,2022.0,1.0,,,1.0,1.0,1.0,1.0,1.0,0.9309462915601022,0.9285140735005234,0.8861337626908833,0.882751597226256,0.882751597226256,0.9377540559832772,0.9377540559832772,0.9377540559832772,0.9428104491947199,0.935672011719742,0.935672011719742,0.935672011719742,0.9401137061486171,0.9832093303840741,0.9832093303840741,0.71,0.71,0.72,0.72,1.0,1.0,1.0,1.0,1.0,1.0,,,,,,,,,,,,,,
,,,,2023.0,1.0,,,1.0,1.0,1.0,1.0,1.0,0.9232736572890025,0.9196455456618059,0.8741616647464742,0.8704238924122111,0.8704238924122111,0.9309988095169499,0.9309988095169499,0.9309988095169499,0.9366039482396628,0.9286908112193623,0.9286908112193623,0.9286908112193623,0.9336145409208826,0.9813995576111001,0.9813995576111001,0.69,0.69,0.7,0.7,1.0,1.0,1.0,1.0,1.0,1.0,,,,,,,,,,,,,,
,,,,2024.0,1.0,,,1.0,1.0,1.0,1.0,1.0,0.9156010230179027,0.9107770178230884,0.8632466578298243,0.859184677369324,0.859184677369324,0.9248018570902112,0.9248018570902112,0.9248018570902112,0.930910389707533,0.9222865789536672,0.9222865789536672,0.9222865789536672,0.9276525056449616,0.9795897848381261,0.9795897848381261,0.66,0.66,0.67,0.67,1.0,1.0,1.0,1.0,1.0,1.0,,,,,,,,,,,,,,
,,,,2025.0,1.0,,,1.0,1.0,1.0,1.0,1.0,0.907928388746803,0.9019084899843707,0.8532310281129638,0.8488715537004777,0.8488715537004777,0.9190827495627937,0.9190827495627937,0.9190827495627937,0.9256558595422868,0.9163761748653555,0.9163761748653555,0.9163761748653555,0.9221502008865571,0.977780012065152,0.977780012065152,0.64,0.64,0.66,0.66,1.0,1.0,1.0,1.0,1.0,1.0,,,,,,,,,,,,,,
,,,,2026.0,1.0,,,1.0,1.0,1.0,1.0,1.0,0.9002557544757033,0.8930758090649689,0.8414940575672777,0.8371181647886144,0.8371181647886144,0.9097226767196606,0.9097226767196606,0.9097226767196606,0.9161476067686312,0.9070771172877317,0.9070771172877317,0.9070771172877317,0.9127209774091801,0.9759702392921779,0.9759702392921779,0.63,0.63,0.64,0.64,1.0,1.0,1.0,1.0,1.0,1.0,,,,,,,,,,,,,,
,,,,2027.0,1.0,,,1.0,1.0,1.0,1.0,1.0,0.8925831202046035,0.884243128145567,0.8284889791676036,0.8243173013709039,0.8243173013709039,0.8975710651882873,0.8975710651882873,0.8975710651882873,0.9033681732954155,0.8951840206735874,0.8951840206735874,0.8951840206735874,0.9002763823049471,0.9741604665192037,0.9741604665192037,0.62,0.62,0.63,0.63,1.0,1.0,1.0,1.0,1.0,1.0,,,,,,,,,,,,,,
,,,,2028.0,1.0,,,1.0,1.0,1.0,1.0,1.0,0.8849104859335037,0.8754104472261652,0.8164022937244502,0.8124181577551213,0.8124181577551213,0.8862733632243988,0.8862733632243988,0.8862733632243988,0.8914934857338939,0.8841239010146069,0.8841239010146069,0.8841239010146069,0.8887094203954966,0.9723506937462296,0.9723506937462296,0.61,0.61,0.62,0.62,1.0,1.0,1.0,1.0,1.0,1.0,,,,,,,,,,,,,,
,,,,2029.0,1.0,,,1.0,1.0,1.0,1.0,1.0,0.877237851662404,0.8665777663067634,0.8051241191681645,0.8013129970726257,0.8013129970726257,0.8757274780245957,0.8757274780245957,0.8757274780245957,0.8804149517849357,0.8737973417703383,0.8737973417703383,0.8737973417703383,0.877914965779421,0.9705409209732555,0.9705409209732555,0.61,0.61,0.62,0.62,1.0,1.0,1.0,1.0,1.0,1.0,,,,,,,,,,,,,,
,,,,2030.0,1.0,,,1.0,1.0,1.0,1.0,1.0,0.8695652173913044,0.8577450853873618,0.7945625654736089,0.7909117063770951,0.7909117063770951,0.8658480364854662,0.8658480364854662,0.8658480364854662,0.8700418089557349,0.8641211889977084,0.8641211889977084,0.8641211889977084,0.8678051303049249,0.9687311482002815,0.9687311482002815,0.61,0.61,0.62,0.62,1.0,1.0,1.0,1.0,1.0,1.0,,,,,,,,,,,,,,
,Mid,,,2013.0,,,,1.0,1.0,1.0,1.0,1.0,1.0,1.0,1.0,1.0,1.0,1.0,1.0,1.0,1.0,1.0,1.0,1.0,1.0,1.0,1.0,1.0,1.0,1.0,1.0,1.0,1.0,1.0,1.0,1.0,1.0,,,,,,,,,,,,,,
,,,,2014.0,,,,1.0,1.0,1.0,1.0,1.0,1.0,1.0,1.0,1.0,1.0,1.0,1.0,1.0,1.0,1.0,1.0,1.0,1.0,1.0,1.0,1.0,1.0,1.0,1.0,1.0,1.0,1.0,1.0,1.0,1.0,,,,,,,,,,,,,,
,,,,2015.0,,,,1.0,1.0,1.0,1.0,1.0,0.9846547314578006,0.984643179765131,1.0,1.0,1.0,1.0,1.0,1.0,1.0,1.0,1.0,1.0,1.0,0.9963804544540519,0.9963804544540519,1.0,1.0,1.0,1.0,1.0,1.0,1.0,1.0,1.0,1.0,,,,,,,,,,,,,,
,,,,2016.0,,,,1.0,1.0,1.0,1.0,1.0,0.9769820971867008,0.9769647696476965,1.0,1.0,1.0,1.0,1.0,1.0,1.0,1.0,1.0,1.0,1.0,0.994470138749246,0.994470138749246,1.0,1.0,1.0,1.0,1.0,1.0,1.0,1.0,1.0,1.0,,,,,,,,,,,,,,
,,,,2017.0,,,,1.0,1.0,1.0,1.0,1.0,0.969309462915601,0.969286359530262,0.9746536948207851,0.9739008342709075,0.9739008342709075,0.9864383570691635,0.9864383570691635,0.9864383570691635,0.9875400031335733,0.9859847381014656,0.9859847381014656,0.9859847381014656,0.9869524585658883,0.99255982304444,0.99255982304444,0.94,0.94,0.95,0.95,1.0,1.0,1.0,1.0,1.0,1.0,,,,,,,,,,,,,,
,,,,2018.0,,,,1.0,1.0,1.0,1.0,1.0,0.9616368286445013,0.9616079494128275,0.9523292131780444,0.9509132492130359,0.9509132492130359,0.9743597462473832,0.9743597462473832,0.9743597462473832,0.9764425679807892,0.9735021137689222,0.9735021137689222,0.9735021137689222,0.9753317297229728,0.9906495073396341,0.9906495073396341,0.89,0.89,0.89,0.89,1.0,1.0,1.0,1.0,1.0,1.0,,,,,,,,,,,,,,
,,,,2019.0,,,,1.0,1.0,1.0,1.0,1.0,0.9539641943734015,0.9539295392953929,0.9323250280182582,0.9303148803356325,0.9303148803356325,0.9634255973193786,0.9634255973193786,0.9634255973193786,0.966396627229009,0.962202232062472,0.962202232062472,0.962202232062472,0.9648120779438728,0.9887391916348282,0.9887391916348282,0.84,0.84,0.84,0.84,1.0,1.0,1.0,1.0,1.0,1.0,,,,,,,,,,,,,,
,,,,2020.0,,,,1.0,1.0,1.0,1.0,1.0,0.9462915601023018,0.9462511291779584,0.9141145536175577,0.9115635007547129,0.9115635007547129,0.9533771925414911,0.9533771925414911,0.9533771925414911,0.9571644794218742,0.9518177214730982,0.9518177214730982,0.9518177214730982,0.9551445930856698,0.9868288759300221,0.9868288759300221,0.79,0.79,0.8,0.8,1.0,1.0,1.0,1.0,1.0,1.0,,,,,,,,,,,,,,
,,,,2021.0,,,,1.0,1.0,1.0,1.0,1.0,0.938618925831202,0.9373826013392409,0.8993641286728549,0.896374944376009,0.896374944376009,0.945169578347483,0.945169578347483,0.945169578347483,0.9496235901904048,0.9433355734709861,0.9433355734709861,0.9433355734709861,0.9472481172075131,0.9850191031570481,0.9850191031570481,0.75,0.75,0.76,0.76,1.0,1.0,1.0,1.0,1.0,1.0,,,,,,,,,,,,,,
,,,,2022.0,,,,1.0,1.0,1.0,1.0,1.0,0.9309462915601022,0.9285140735005234,0.8861337626908833,0.882751597226256,0.882751597226256,0.9377540559832772,0.9377540559832772,0.9377540559832772,0.9428104491947199,0.935672011719742,0.935672011719742,0.935672011719742,0.9401137061486171,0.9832093303840741,0.9832093303840741,0.71,0.71,0.72,0.72,1.0,1.0,1.0,1.0,1.0,1.0,,,,,,,,,,,,,,
,,,,2023.0,,,,1.0,1.0,1.0,1.0,1.0,0.9232736572890025,0.9196455456618059,0.8741616647464742,0.8704238924122111,0.8704238924122111,0.9309988095169499,0.9309988095169499,0.9309988095169499,0.9366039482396628,0.9286908112193623,0.9286908112193623,0.9286908112193623,0.9336145409208826,0.9813995576111001,0.9813995576111001,0.69,0.69,0.7,0.7,1.0,1.0,1.0,1.0,1.0,1.0,,,,,,,,,,,,,,
,,,,2024.0,,,,1.0,1.0,1.0,1.0,1.0,0.9156010230179027,0.9107770178230884,0.8632466578298243,0.859184677369324,0.859184677369324,0.9248018570902112,0.9248018570902112,0.9248018570902112,0.930910389707533,0.9222865789536672,0.9222865789536672,0.9222865789536672,0.9276525056449616,0.9795897848381261,0.9795897848381261,0.66,0.66,0.67,0.67,1.0,1.0,1.0,1.0,1.0,1.0,,,,,,,,,,,,,,
,,,,2025.0,,,,1.0,1.0,1.0,1.0,1.0,0.907928388746803,0.9019084899843707,0.8532310281129638,0.8488715537004777,0.8488715537004777,0.9190827495627937,0.9190827495627937,0.9190827495627937,0.9256558595422868,0.9163761748653555,0.9163761748653555,0.9163761748653555,0.9221502008865571,0.977780012065152,0.977780012065152,0.64,0.64,0.66,0.66,1.0,1.0,1.0,1.0,1.0,1.0,,,,,,,,,,,,,,
,,,,2026.0,,,,1.0,1.0,1.0,1.0,1.0,0.9002557544757033,0.8930758090649689,0.8414940575672777,0.8371181647886144,0.8371181647886144,0.9097226767196606,0.9097226767196606,0.9097226767196606,0.9161476067686312,0.9070771172877317,0.9070771172877317,0.9070771172877317,0.9127209774091801,0.9759702392921779,0.9759702392921779,0.63,0.63,0.64,0.64,1.0,1.0,1.0,1.0,1.0,1.0,,,,,,,,,,,,,,
,,,,2027.0,,,,1.0,1.0,1.0,1.0,1.0,0.8925831202046035,0.884243128145567,0.8284889791676036,0.8243173013709039,0.8243173013709039,0.8975710651882873,0.8975710651882873,0.8975710651882873,0.9033681732954155,0.8951840206735874,0.8951840206735874,0.8951840206735874,0.9002763823049471,0.9741604665192037,0.9741604665192037,0.62,0.62,0.63,0.63,1.0,1.0,1.0,1.0,1.0,1.0,,,,,,,,,,,,,,
,,,,2028.0,,,,1.0,1.0,1.0,1.0,1.0,0.8849104859335037,0.8754104472261652,0.8164022937244502,0.8124181577551213,0.8124181577551213,0.8862733632243988,0.8862733632243988,0.8862733632243988,0.8914934857338939,0.8841239010146069,0.8841239010146069,0.8841239010146069,0.8887094203954966,0.9723506937462296,0.9723506937462296,0.61,0.61,0.62,0.62,1.0,1.0,1.0,1.0,1.0,1.0,,,,,,,,,,,,,,
,,,,2029.0,,,,1.0,1.0,1.0,1.0,1.0,0.877237851662404,0.8665777663067634,0.8051241191681645,0.8013129970726257,0.8013129970726257,0.8757274780245957,0.8757274780245957,0.8757274780245957,0.8804149517849357,0.8737973417703383,0.8737973417703383,0.8737973417703383,0.877914965779421,0.9705409209732555,0.9705409209732555,0.61,0.61,0.62,0.62,1.0,1.0,1.0,1.0,1.0,1.0,,,,,,,,,,,,,,
,,,,2030.0,,,,1.0,1.0,1.0,1.0,1.0,0.8695652173913044,0.8577450853873618,0.7945625654736089,0.7909117063770951,0.7909117063770951,0.8658480364854662,0.8658480364854662,0.8658480364854662,0.8700418089557349,0.8641211889977084,0.8641211889977084,0.8641211889977084,0.8678051303049249,0.9687311482002815,0.9687311482002815,0.61,0.61,0.62,0.62,1.0,1.0,1.0,1.0,1.0,1.0,,,,,,,,,,,,,,
,High,,,2013.0,,,,,,,,,,,1.0,1.0,1.0,1.0,1.0,1.0,1.0,1.0,1.0,1.0,1.0,,,1.18,1.3,1.22,1.24,,,,,,,,,,,,,,,,,,,,
,,,,2014.0,,,,,,,,,,,1.0,1.0,1.0,1.0,1.0,1.0,1.0,1.0,1.0,1.0,1.0,,,1.18,1.3,1.22,1.24,,,,,,,,,,,,,,,,,,,,
,,,,2015.0,,,,,,,,,,,1.0,1.0,1.0,1.0,1.0,1.0,1.0,1.0,1.0,1.0,1.0,,,1.18,1.3,1.22,1.24,,,,,,,,,,,,,,,,,,,,
,,,,2016.0,,,,,,,,,,,1.0,1.0,1.0,1.0,1.0,1.0,1.0,1.0,1.0,1.0,1.0,,,1.18,1.3,1.22,1.24,,,,,,,,,,,,,,,,,,,,
,,,,2017.0,,,,,,,,,,,1.0,1.0,1.0,1.0,1.0,1.0,1.0,1.0,1.0,1.0,1.0,,,1.1,1.22,1.13,1.15,,,,,,,,,,,,,,,,,,,,
,,,,2018.0,,,,,,,,,,,1.0,1.0,1.0,1.0,1.0,1.0,1.0,1.0,1.0,1.0,1.0,,,1.02,1.13,1.05,1.07,,,,,,,,,,,,,,,,,,,,
,,,,2019.0,,,,,,,,,,,1.0,1.0,1.0,1.0,1.0,1.0,1.0,1.0,1.0,1.0,1.0,,,0.96,1.06,0.98,1.0,,,,,,,,,,,,,,,,,,,,
,,,,2020.0,,,,,,,,,,,1.0,1.0,1.0,1.0,1.0,1.0,1.0,1.0,1.0,1.0,1.0,,,0.89,0.99,0.91,0.93,,,,,,,,,,,,,,,,,,,,
,,,,2021.0,,,,,,,,,,,1.0,1.0,1.0,1.0,1.0,1.0,1.0,1.0,1.0,1.0,1.0,,,0.84,0.93,0.85,0.87,,,,,,,,,,,,,,,,,,,,
,,,,2022.0,,,,,,,,,,,1.0,1.0,1.0,1.0,1.0,1.0,1.0,1.0,1.0,1.0,1.0,,,0.79,0.88,0.81,0.82,,,,,,,,,,,,,,,,,,,,
,,,,2023.0,,,,,,,,,,,1.0,1.0,1.0,1.0,1.0,1.0,1.0,1.0,1.0,1.0,1.0,,,0.76,0.84,0.77,0.78,,,,,,,,,,,,,,,,,,,,
,,,,2024.0,,,,,,,,,,,1.0,1.0,1.0,1.0,1.0,1.0,1.0,1.0,1.0,1.0,1.0,,,0.73,0.8,0.73,0.75,,,,,,,,,,,,,,,,,,,,
,,,,2025.0,,,,,,,,,,,1.0,1.0,1.0,1.0,1.0,1.0,1.0,1.0,1.0,1.0,1.0,,,0.7,0.78,0.71,0.72,,,,,,,,,,,,,,,,,,,,
,,,,2026.0,,,,,,,,,,,1.0,1.0,1.0,1.0,1.0,1.0,1.0,1.0,1.0,1.0,1.0,,,0.68,0.76,0.69,0.7,,,,,,,,,,,,,,,,,,,,
,,,,2027.0,,,,,,,,,,,1.0,1.0,1.0,1.0,1.0,1.0,1.0,1.0,1.0,1.0,1.0,,,0.67,0.74,0.67,0.69,,,,,,,,,,,,,,,,,,,,
,,,,2028.0,,,,,,,,,,,1.0,1.0,1.0,1.0,1.0,1.0,1.0,1.0,1.0,1.0,1.0,,,0.66,0.73,0.67,0.68,,,,,,,,,,,,,,,,,,,,
,,,,2029.0,,,,,,,,,,,1.0,1.0,1.0,1.0,1.0,1.0,1.0,1.0,1.0,1.0,1.0,,,0.65,0.73,0.66,0.67,,,,,,,,,,,,,,,,,,,,
,,,,2030.0,,,,,,,,,,,1.0,1.0,1.0,1.0,1.0,1.0,1.0,1.0,1.0,1.0,1.0,,,0.65,0.73,0.66,0.67,,,,,,,,,,,,,,,,,,,,
,Low,,,2013.0,,,,,,,,,,,1.0,1.0,1.0,1.0,1.0,1.0,1.0,1.0,1.0,1.0,1.0,,,0.82,0.7,0.78,0.76,,,,,,,,,,,,,,,,,,,,
,,,,2014.0,,,,,,,,,,,1.0,1.0,1.0,1.0,1.0,1.0,1.0,1.0,1.0,1.0,1.0,,,0.82,0.7,0.78,0.76,,,,,,,,,,,,,,,,,,,,
,,,,2015.0,,,,,,,,,,,1.0,1.0,1.0,1.0,1.0,1.0,1.0,1.0,1.0,1.0,1.0,,,0.82,0.7,0.78,0.76,,,,,,,,,,,,,,,,,,,,
,,,,2016.0,,,,,,,,,,,1.0,1.0,1.0,1.0,1.0,1.0,1.0,1.0,1.0,1.0,1.0,,,0.82,0.7,0.78,0.76,,,,,,,,,,,,,,,,,,,,
,,,,2017.0,,,,,,,,,,,0.921442984901062,0.9207312263800819,0.9207312263800819,0.9325842696629213,0.9325842696629213,0.9325842696629213,0.9325842696629213,0.9271899886234357,0.9271899886234357,0.9271899886234357,0.9271899886234357,,,0.78,0.66,0.75,0.73,,,,,,,,,,,,,,,,,,,,
,,,,2018.0,,,,,,,,,,,0.8675706627394545,0.8662807214265777,0.8662807214265777,0.8876404494382023,0.8876404494382023,0.8876404494382023,0.8876404494382023,0.8794084186575655,0.8794084186575655,0.8794084186575655,0.8794084186575655,,,0.75,0.63,0.72,0.7,,,,,,,,,,,,,,,,,,,,
,,,,2019.0,,,,,,,,,,,0.8263665847887923,0.824584889751662,0.824584889751662,0.8539325842696629,0.8539325842696629,0.8539325842696629,0.8539325842696629,0.8430034129692833,0.8430034129692833,0.8430034129692833,0.8430034129692833,,,0.71,0.6,0.69,0.67,,,,,,,,,,,,,,,,,,,,
,,,,2020.0,,,,,,,,,,,0.7864456574301569,0.7842508948176163,0.7842508948176163,0.8202247191011236,0.8202247191011236,0.8202247191011236,0.8202247191011236,0.8145620022753128,0.8145620022753128,0.8145620022753128,0.8145620022753128,,,0.68,0.57,0.66,0.64,,,,,,,,,,,,,,,,,,,,
,,,,2021.0,,,,,,,,,,,0.7590915708553738,0.7565686054277695,0.7565686054277695,0.797752808988764,0.797752808988764,0.797752808988764,0.797752808988764,0.7918088737201364,0.7918088737201364,0.7918088737201364,0.7918088737201364,,,0.65,0.55,0.64,0.62,,,,,,,,,,,,,,,,,,,,
,,,,2022.0,,,,,,,,,,,0.7432216739007156,0.7403849704775256,0.7403849704775256,0.7865168539325842,0.7865168539325842,0.7865168539325842,0.7865168539325842,0.7724687144482367,0.7724687144482367,0.7724687144482367,0.7724687144482367,,,0.62,0.53,0.62,0.6,,,,,,,,,,,,,,,,,,,,
,,,,2023.0,,,,,,,,,,,0.7174002729150152,0.7143327866583715,0.7143327866583715,0.7640449438202248,0.7640449438202248,0.7640449438202248,0.7640449438202248,0.7554038680318544,0.7554038680318544,0.7554038680318544,0.7554038680318544,,,0.6,0.51,0.6,0.58,,,,,,,,,,,,,,,,,,,,
,,,,2024.0,,,,,,,,,,,0.7027017069143061,0.6993951657569712,0.6993951657569712,0.752808988764045,0.752808988764045,0.752808988764045,0.752808988764045,0.7417519908987485,0.7417519908987485,0.7417519908987485,0.7417519908987485,,,0.58,0.49,0.59,0.57,,,,,,,,,,,,,,,,,,,,
,,,,2025.0,,,,,,,,,,,0.6884397757137772,0.6849222810518689,0.6849222810518689,0.7415730337078652,0.7415730337078652,0.7415730337078652,0.7415730337078652,0.7281001137656428,0.7281001137656428,0.7281001137656428,0.7281001137656428,,,0.57,0.48,0.58,0.56,,,,,,,,,,,,,,,,,,,,
,,,,2026.0,,,,,,,,,,,0.6755622646700556,0.672049241602426,0.672049241602426,0.7303370786516854,0.7303370786516854,0.7303370786516854,0.7303370786516854,0.7167235494880546,0.7167235494880546,0.7167235494880546,0.7167235494880546,,,0.56,0.47,0.57,0.55,,,,,,,,,,,,,,,,,,,,
,,,,2027.0,,,,,,,,,,,0.6637550818117566,0.6604128860712378,0.6604128860712378,0.7191011235955056,0.7191011235955056,0.7191011235955056,0.7191011235955056,0.7053469852104665,0.7053469852104665,0.7053469852104665,0.7053469852104665,,,0.55,0.47,0.56,0.54,,,,,,,,,,,,,,,,,,,,
,,,,2028.0,,,,,,,,,,,0.6520592530736239,0.6488771298186137,0.6488771298186137,0.7078651685393258,0.7078651685393258,0.7078651685393258,0.7078651685393258,0.6962457337883959,0.6962457337883959,0.6962457337883959,0.6962457337883959,,,0.55,0.46,0.56,0.54,,,,,,,,,,,,,,,,,,,,
,,,,2029.0,,,,,,,,,,,0.6507952926127576,0.6477146988753452,0.6477146988753452,0.7078651685393258,0.7078651685393258,0.7078651685393258,0.7078651685393258,0.6871444823663253,0.6871444823663253,0.6871444823663253,0.6871444823663253,,,0.54,0.46,0.55,0.54,,,,,,,,,,,,,,,,,,,,
,,,,2030.0,,,,,,,,,,,0.6392755676801978,0.6363382218714971,0.6363382218714971,0.6966292134831461,0.6966292134831461,0.6966292134831461,0.6966292134831461,0.6791808873720137,0.6791808873720137,0.6791808873720137,0.6791808873720137,,,0.54,0.46,0.55,0.54,,,,,,,,,,,,,,,,,,,,
