Load Assumptions,,,,,,,,,,,,,,,,,,,,,,,,,,,,,,,,,,,,,,,,,,,,
,,,,,,,,,,,,,,,,,,,,,,,,,,,,,,,,,,,,,,,,,,,,
,,CAISO EV Demand,CARB Scoping Plan - SP,,,,,,,,,,,,,,,,,,,,,,,,,,,,,,,,,,,,,,,,,
,,Building Electrification,CEC 2016 IEPR - Mid Demand,,,,,,,,,,,,,,,,,,,,,,,,,,,,,,,,,,,,,,,,,
,,CAISO Behind-the-Meter PV,CEC 2016 IEPR - Mid PV,,,,,,,,,,,,,,,,,,,,,,,,,,,,,,,,,,,,,,,,,
,,CAISO EE,CEC 2016 IEPR - Mid AAEE + AB802,,,,,,,,,,,,,,,,,,,,,,,,,,,,,,,,,,,,,,,,,
,,CAISO TOU Impacts,High (MRW S4 x1.5),,,,,,,,,,,,,,,,,,,,,,,,,,,,,,,,,,,,,,,,,
,,T&D Losses,0.0733,,,,,,,,,,,,,,,,,,,,,,,,,,,,,,,,,,,,,,,,,
,,,,,,,,,,,,,,,,,,,,,,,,,,,,,,,,,,,,,,,,,,,,
,CAISO Sales Forecast Buildup,,,,,,,,,,,,,,,,,,,,,,,,,,,,,,,,,,,,,,,,,,,
,,,,,,,,,,,,,,,,,,,,,,,,,,,,,,,,,,,,,,,,,,,,
,,Baseline Consumption (GWh),,,Method,Last Year,Period,,2015.0,2016.0,2017.0,2018.0,2019.0,2020.0,2021.0,2022.0,2023.0,2024.0,2025.0,2026.0,2027.0,2028.0,2029.0,2030.0,2031.0,2032.0,2033.0,2034.0,2035.0,2036.0,2037.0,2038.0,2039.0,2040.0,2041.0,2042.0,2043.0,2044.0,2045.0,2046.0,2047.0,2048.0,2049.0,2050.0
,,CEC 2016 IEPR - Mid Demand,,,CAGR,2027.0,5.0,,231785.83937600002,235224.48361289862,236296.37675243555,237606.7353951265,239422.48621022704,240992.59433420884,242661.9338046808,245189.33730409917,247543.68605819813,249408.2728095331,251465.0844443085,253445.344484677,255408.1854772982,257502.50489004597,259613.99749477432,261742.80410979444,263889.06670811237,266052.9284268975,268234.5335770283,270434.027652717,272651.55734121246,274887.270532583,277141.3163295796,279413.84505757963,281705.0082746121,284014.9587814655,286343.8506318782,288691.8391428126,291059.0809048132,293445.73379245005,295851.9569748475,298277.9109262995,300723.7574369718,303189.659623692,305675.78194082784,308182.2901912552
,,Active:,,,,,,,231785.83937600002,235224.48361289862,236296.37675243555,237606.7353951265,239422.48621022704,240992.59433420884,242661.9338046808,245189.33730409917,247543.68605819813,249408.2728095331,251465.0844443085,253445.344484677,255408.1854772982,257502.50489004597,259613.99749477432,261742.80410979444,263889.06670811237,266052.9284268975,268234.5335770283,270434.027652717,272651.55734121246,274887.270532583,277141.3163295796,279413.84505757963,281705.0082746121,284014.9587814655,286343.8506318782,288691.8391428126,291059.0809048132,293445.73379245005,295851.9569748475,298277.9109262995,300723.7574369718,303189.659623692,305675.78194082784,308182.2901912552
,,,,,,,,,,,,,,,,,,,,,,,,,,,,,,,,,,,,,,,,,,,,
,,Electric Vehicles (GWh),,,Method,Last Year,Period,,2015.0,2016.0,2017.0,2018.0,2019.0,2020.0,2021.0,2022.0,2023.0,2024.0,2025.0,2026.0,2027.0,2028.0,2029.0,2030.0,2031.0,2032.0,2033.0,2034.0,2035.0,2036.0,2037.0,2038.0,2039.0,2040.0,2041.0,2042.0,2043.0,2044.0,2045.0,2046.0,2047.0,2048.0,2049.0,2050.0
,,CEC 2016 IEPR - Mid Demand,,,Linear,2027.0,5.0,,481.411344,689.297821555801,897.266838815477,1123.3660007736078,1423.6201574449692,1784.776663892986,2253.658043704455,2807.6969626069645,3454.9199795635573,4238.5488274816,4953.499033332368,5625.513877719859,6401.378398398828,7120.114685557201,7838.850972715573,8557.587259873946,9276.323547032318,9995.05983419069,10713.796121349062,11432.532408507434,12151.268695665805,12870.004982824177,13588.741269982549,14307.47755714092,15026.213844299293,15744.950131457665,16463.68641861604,17182.42270577441,17901.158992932782,18619.895280091154,19338.631567249526,20057.367854407898,20776.10414156627,21494.84042872464,22213.576715883013,22932.313003041385
,,CARB Scoping Plan - SP,,,Linear,2029.0,5.0,,215.0,316.0,448.0,716.0,1086.0,1455.0,1607.0,1997.0,2574.0,3296.0,4100.0,4931.0,5749.0,6621.0,7535.0,8483.0,9330.8,10178.599999999999,11026.399999999998,11874.199999999997,12721.999999999996,13569.799999999996,14417.599999999995,15265.399999999994,16113.199999999993,16960.999999999993,17808.799999999992,18656.59999999999,19504.39999999999,20352.19999999999,21199.99999999999,22047.79999999999,22895.599999999988,23743.399999999987,24591.199999999986,25438.999999999985
,,CARB Scoping Plan - Alt1,,,Linear,2030.0,5.0,,215.0,316.0,448.0,713.0,1078.0,1438.0,1583.0,1960.0,2516.0,3315.0,4184.0,5069.0,5871.0,6665.0,7742.0,9039.0,10010.0,10981.0,11952.0,12923.0,13894.0,14865.0,15836.0,16807.0,17778.0,18749.0,19720.0,20691.0,21662.0,22633.0,23604.0,24575.0,25546.0,26517.0,27488.0,28459.0
,,Active: CARB Scoping Plan - SP,,,,,,,215.0,316.0,448.0,716.0,1086.0,1455.0,1607.0,1997.0,2574.0,3296.0,4100.0,4931.0,5749.0,6621.0,7535.0,8483.0,9330.8,10178.599999999999,11026.399999999998,11874.199999999997,12721.999999999996,13569.799999999996,14417.599999999995,15265.399999999994,16113.199999999993,16960.999999999993,17808.799999999992,18656.59999999999,19504.39999999999,20352.19999999999,21199.99999999999,22047.79999999999,22895.599999999988,23743.399999999987,24591.199999999986,25438.999999999985
,,,,,,,,,,,,,,,,,,,,,,,,,,,,,,,,,,,,,,,,,,,,
,,Building Electrification (GWh),,,Method,Last Year,Period,,2015.0,2016.0,2017.0,2018.0,2019.0,2020.0,2021.0,2022.0,2023.0,2024.0,2025.0,2026.0,2027.0,2028.0,2029.0,2030.0,2031.0,2032.0,2033.0,2034.0,2035.0,2036.0,2037.0,2038.0,2039.0,2040.0,2041.0,2042.0,2043.0,2044.0,2045.0,2046.0,2047.0,2048.0,2049.0,2050.0
,,CEC 2016 IEPR - Mid Demand,,,Linear,2027.0,5.0,,0.0,63.28904340264219,129.81191904219907,187.4116783678835,247.82771036930848,310.9704036952765,346.9228359634924,575.1406561001069,633.6330776807797,704.9638684974715,848.5880797760359,917.2299131972284,991.4241476098022,1074.6808459117412,1157.9375442136802,1241.1942425156192,1324.4509408175581,1407.7076391194971,1490.964337421436,1574.221035723375,1657.477734025314,1740.734432327253,1823.991130629192,1907.247828931131,1990.50452723307,2073.761225535009,2157.0179238369483,2240.2746221388875,2323.5313204408267,2406.788018742766,2490.044717044705,2573.3014153466443,2656.5581136485835,2739.8148119505227,2823.071510252462,2906.328208554401
,,CARB Scoping Plan - SP,,,Linear,2027.0,5.0,,0.0,63.28904340264219,129.81191904219907,187.4116783678835,247.82771036930848,310.9704036952765,346.9228359634924,575.1406561001069,633.6330776807797,704.9638684974715,848.5880797760359,917.2299131972284,991.4241476098022,1074.6808459117412,1157.9375442136802,1241.1942425156192,1324.4509408175581,1407.7076391194971,1490.964337421436,1574.221035723375,1657.477734025314,1740.734432327253,1823.991130629192,1907.247828931131,1990.50452723307,2073.761225535009,2157.0179238369483,2240.2746221388875,2323.5313204408267,2406.788018742766,2490.044717044705,2573.3014153466443,2656.5581136485835,2739.8148119505227,2823.071510252462,2906.328208554401
,,CARB Scoping Plan - Alt1,,,Linear,2030.0,5.0,,0.0,63.28904340264219,129.81191904219907,187.4116783678835,247.82771036930848,310.9704036952765,346.9228359634924,575.1406561001069,633.6330776807797,923.0614721971158,2104.20784012713,3873.9683763663406,6019.406067763425,8361.499437765055,10771.006200926706,13183.486244242853,15399.341925065997,17615.19760588914,19831.053286712286,22046.90896753543,24262.764648358574,26478.62032918172,28694.476010004862,30910.331690828007,33126.187371651155,35342.0430524743,37557.89873329744,39773.75441412059,41989.61009494373,44205.465775766876,46421.32145659002,48637.177137413164,50853.03281823631,53068.88849905945,55284.7441798826,57500.59986070574
,,Active: CEC 2016 IEPR - Mid Demand,,,,,,,0.0,63.28904340264219,129.81191904219907,187.4116783678835,247.82771036930848,310.9704036952765,346.9228359634924,575.1406561001069,633.6330776807797,704.9638684974715,848.5880797760359,917.2299131972284,991.4241476098022,1074.6808459117412,1157.9375442136802,1241.1942425156192,1324.4509408175581,1407.7076391194971,1490.964337421436,1574.221035723375,1657.477734025314,1740.734432327253,1823.991130629192,1907.247828931131,1990.50452723307,2073.761225535009,2157.0179238369483,2240.2746221388875,2323.5313204408267,2406.788018742766,2490.044717044705,2573.3014153466443,2656.5581136485835,2739.8148119505227,2823.071510252462,2906.328208554401
,,,,,,,,,,,,,,,,,,,,,,,,,,,,,,,,,,,,,,,,,,,,
,,Behind-the-Meter PV (GWh),,,Method,Last Year,Period,,2015.0,2016.0,2017.0,2018.0,2019.0,2020.0,2021.0,2022.0,2023.0,2024.0,2025.0,2026.0,2027.0,2028.0,2029.0,2030.0,2031.0,2032.0,2033.0,2034.0,2035.0,2036.0,2037.0,2038.0,2039.0,2040.0,2041.0,2042.0,2043.0,2044.0,2045.0,2046.0,2047.0,2048.0,2049.0,2050.0
,,No Addtl. BTM,,,Flat,2017.0,,,5512.834529999999,7974.545999999999,9395.867900000001,9395.867900000001,9395.867900000001,9395.867900000001,9395.867900000001,9395.867900000001,9395.867900000001,9395.867900000001,9395.867900000001,9395.867900000001,9395.867900000001,9395.867900000001,9395.867900000001,9395.867900000001,9395.867900000001,9395.867900000001,9395.867900000001,9395.867900000001,9395.867900000001,9395.867900000001,9395.867900000001,9395.867900000001,9395.867900000001,9395.867900000001,9395.867900000001,9395.867900000001,9395.867900000001,9395.867900000001,9395.867900000001,9395.867900000001,9395.867900000001,9395.867900000001,9395.867900000001,9395.867900000001
,,CEC 2016 IEPR - Low PV,,,Linear,2027.0,5.0,,5512.834529999999,7964.9342,9230.711800000001,9740.5241,10140.317000000001,10466.6551,10780.5046,11162.661399999999,11603.432400000002,12095.4896,12661.699499999999,13296.8184,13953.015899999999,14511.0868,15069.1577,15627.2286,16185.299500000001,16743.3704,17301.4413,17859.512199999997,18417.583099999996,18975.653999999995,19533.724899999994,20091.795799999993,20649.86669999999,21207.93759999999,21766.00849999999,22324.079399999988,22882.150299999987,23440.221199999985,23998.292099999984,24556.362999999983,25114.43389999998,25672.50479999998,26230.57569999998,26788.64659999998
,,CEC 2016 IEPR - Mid PV,,,Linear,2027.0,5.0,,5512.834529999999,7974.545999999999,9395.867900000001,10225.779100000002,11043.4423,11877.5633,12833.5553,13983.1049,15311.4514,16796.1673,18426.6173,20190.592299999997,22005.323800000002,23609.767580000003,25214.211360000005,26818.655140000006,28423.098920000008,30027.54270000001,31631.98648000001,33236.43026000001,34840.87404000001,36445.31782000001,38049.76160000001,39654.205380000014,41258.649160000015,42863.09294000002,44467.53672000002,46071.98050000002,47676.42428000002,49280.86806000002,50885.311840000024,52489.755620000025,54094.19940000003,55698.64318000003,57303.08696000003,58907.53074000003
,,CEC 2016 IEPR - High PV,,,Linear,2027.0,5.0,,5512.834529999999,7979.5422,9471.458,10479.569300000001,11575.769900000001,12753.9877,14115.116799999998,15733.4828,17598.1993,19687.3233,21985.242899999997,24469.6322,27025.7309,29284.180519999998,31542.630139999997,33801.07976,36059.52938,38317.979,40576.42862,42834.87824,45093.32786,47351.77748,49610.2271,51868.676719999996,54127.126339999995,56385.575959999995,58644.025579999994,60902.47519999999,63160.92481999999,65419.37443999999,67677.82406,69936.27368,72194.7233,74453.17292,76711.62254,78970.07216
,,Active: CEC 2016 IEPR - Mid PV,,,,,,,5512.834529999999,7974.545999999999,9395.867900000001,10225.779100000002,11043.4423,11877.5633,12833.5553,13983.1049,15311.4514,16796.1673,18426.6173,20190.592299999997,22005.323800000002,23609.767580000003,25214.211360000005,26818.655140000006,28423.098920000008,30027.54270000001,31631.98648000001,33236.43026000001,34840.87404000001,36445.31782000001,38049.76160000001,39654.205380000014,41258.649160000015,42863.09294000002,44467.53672000002,46071.98050000002,47676.42428000002,49280.86806000002,50885.311840000024,52489.755620000025,54094.19940000003,55698.64318000003,57303.08696000003,58907.53074000003
,,Equivalent MW - using shape's capacity factor,,,,,,,3276.75778327334,4739.967349168974,5584.782765452084,6078.071285037982,6564.079751302646,7059.870521743518,7628.099843646827,8311.377308000316,9100.929344991873,9983.425337715727,10952.543800942669,12001.027803010036,13079.68081441764,14033.341515701106,14987.002216984572,15940.662918268037,16894.323619551502,17847.98432083497,18801.64502211843,19755.305723401896,20708.96642468536,21662.62712596883,22616.287827252294,23569.948528535762,24523.609229819223,25477.269931102688,26430.930632386153,27384.591333669618,28338.252034953086,29291.91273623655,30245.573437520015,31199.23413880348,32152.89484008695,33106.55554137041,34060.21624265388,35013.87694393734
,,,,,,,,,,,,,,,,,,,,,,,,,,,,,,,,,,,,,,,,,,,,
,,Non-PV Self Generation (GWh),,,,,,,2015.0,2016.0,2017.0,2018.0,2019.0,2020.0,2021.0,2022.0,2023.0,2024.0,2025.0,2026.0,2027.0,2028.0,2029.0,2030.0,2031.0,2032.0,2033.0,2034.0,2035.0,2036.0,2037.0,2038.0,2039.0,2040.0,2041.0,2042.0,2043.0,2044.0,2045.0,2046.0,2047.0,2048.0,2049.0,2050.0
,,CEC 2016 IEPR - Mid Demand,,,Flat,2027.0,,,11789.416189999998,12811.397687541355,13166.928250351306,13516.178206565186,13609.598013432998,13700.450477561722,13782.547232777759,13856.729643643352,13920.175842126187,13974.36111925801,14020.362204960049,14058.015789316203,14095.869390395728,14095.869390395728,14095.869390395728,14095.869390395728,14095.869390395728,14095.869390395728,14095.869390395728,14095.869390395728,14095.869390395728,14095.869390395728,14095.869390395728,14095.869390395728,14095.869390395728,14095.869390395728,14095.869390395728,14095.869390395728,14095.869390395728,14095.869390395728,14095.869390395728,14095.869390395728,14095.869390395728,14095.869390395728,14095.869390395728,14095.869390395728
,,Active:,,,,,,,11789.416189999998,12811.397687541355,13166.928250351306,13516.178206565186,13609.598013432998,13700.450477561722,13782.547232777759,13856.729643643352,13920.175842126187,13974.36111925801,14020.362204960049,14058.015789316203,14095.869390395728,14095.869390395728,14095.869390395728,14095.869390395728,14095.869390395728,14095.869390395728,14095.869390395728,14095.869390395728,14095.869390395728,14095.869390395728,14095.869390395728,14095.869390395728,14095.869390395728,14095.869390395728,14095.869390395728,14095.869390395728,14095.869390395728,14095.869390395728,14095.869390395728,14095.869390395728,14095.869390395728,14095.869390395728,14095.869390395728,14095.869390395728
,,,,,,,,,,,,,,,,,,,,,,,,,,,,,,,,,,,,,,,,,,,,
,,Energy Efficiency (GWh),,,Method,Last Year,Period,,2015.0,2016.0,2017.0,2018.0,2019.0,2020.0,2021.0,2022.0,2023.0,2024.0,2025.0,2026.0,2027.0,2028.0,2029.0,2030.0,2031.0,2032.0,2033.0,2034.0,2035.0,2036.0,2037.0,2038.0,2039.0,2040.0,2041.0,2042.0,2043.0,2044.0,2045.0,2046.0,2047.0,2048.0,2049.0,2050.0
,,AB802,,,Linear,2026.0,5.0,,0.0,263.165,633.965,1321.4900000000002,1894.685,2514.7450000000003,3107.51,3745.0800000000004,4375.4400000000005,4965.630000000001,5560.97,6139.315,6745.6759999999995,7352.036999999999,7958.397999999999,8564.758999999998,9171.119999999999,9777.481,10383.842,10990.203000000001,11596.564000000002,12202.925000000003,12809.286000000004,13415.647000000004,14022.008000000005,14628.369000000006,15234.730000000007,15841.091000000008,16447.45200000001,17053.81300000001,17660.17400000001,18266.53500000001,18872.89600000001,19479.257000000012,20085.618000000013,20691.979000000014
,,CEC 2016 IEPR - No AAEE,,,Linear,2027.0,5.0,,0.0,0.0,0.0,0.0,0.0,0.0,0.0,0.0,0.0,0.0,0.0,0.0,0.0,0.0,0.0,0.0,0.0,0.0,0.0,0.0,0.0,0.0,0.0,0.0,0.0,0.0,0.0,0.0,0.0,0.0,0.0,0.0,0.0,0.0,0.0,0.0
,,CEC 2016 IEPR - Mid AAEE,,,Linear,2027.0,5.0,,0.0,1614.0013049263305,3444.9417020622286,5652.2696088753555,7247.690607725514,8700.322824659603,10295.046600199354,11828.571677895306,13416.396808580314,14938.986441788553,16462.396095523276,17990.426344299543,19439.256314578735,20961.393241915423,22483.53016925211,24005.667096588797,25527.804023925484,27049.94095126217,28572.07787859886,30094.214805935546,31616.351733272233,33138.48866060892,34660.62558794561,36182.762515282295,37704.89944261898,39227.03636995567,40749.17329729236,42271.310224629044,43793.44715196573,45315.58407930242,46837.721006639105,48359.85793397579,49881.99486131248,51404.13178864917,52926.268715985854,54448.40564332254
,,CEC 2016 IEPR - Mid AAEE + AB802,,,,,,,0.0,1877.1663049263304,4078.9067020622288,6973.759608875356,9142.375607725515,11215.067824659604,13402.556600199354,15573.651677895306,17791.836808580316,19904.616441788552,22023.366095523277,24129.741344299542,26184.932314578735,28313.430241915423,30441.92816925211,32570.426096588795,34698.92402392549,36827.42195126217,38955.919878598856,41084.41780593555,43212.91573327224,45341.41366060892,47469.91158794561,49598.4095152823,51726.90744261899,53855.405369955675,55983.90329729236,58112.40122462905,60240.89915196574,62369.39707930243,64497.89500663911,66626.3929339758,68754.8908613125,70883.38878864917,73011.88671598586,75140.38464332256
,,CEC 2016 IEPR - Mid AAEE (x2),,,Linear,2030.0,5.0,,0.0,1614.0013049263143,3444.9417020622386,6097.555932043419,8383.787174514462,10739.770955847285,13504.994523059664,16430.82332922877,19671.940425346562,23056.990874117106,26677.59674276504,30540.392562954978,32592.136205993986,34808.8700252018,37121.72921836057,39535.332792211906,42106.88000210128,44678.42721199065,47249.974421880026,49821.5216317694,52393.06884165877,54964.616051548146,57536.16326143752,60107.71047132689,62679.257681216266,65250.80489110564,67822.35210099502,70393.89931088439,72965.44652077375,75536.99373066312,78108.54094055248,80680.08815044185,83251.63536033122,85823.18257022058,88394.72978010995,90966.27698999931
,,Active: CEC 2016 IEPR - Mid AAEE + AB802,,,,,,,0.0,1877.1663049263304,4078.9067020622288,6973.759608875356,9142.375607725515,11215.067824659604,13402.556600199354,15573.651677895306,17791.836808580316,19904.616441788552,22023.366095523277,24129.741344299542,26184.932314578735,28313.430241915423,30441.92816925211,32570.426096588795,34698.92402392549,36827.42195126217,38955.919878598856,41084.41780593555,43212.91573327224,45341.41366060892,47469.91158794561,49598.4095152823,51726.90744261899,53855.405369955675,55983.90329729236,58112.40122462905,60240.89915196574,62369.39707930243,64497.89500663911,66626.3929339758,68754.8908613125,70883.38878864917,73011.88671598586,75140.38464332256
,,,,,,,,,,,,,,,,,,,,,,,,,,,,,,,,,,,,,,,,,,,,
,,TOU Load Impact (Relative to 2025),,,,,,,2015.0,2016.0,2017.0,2018.0,2019.0,2020.0,2021.0,2022.0,2023.0,2024.0,2025.0,2026.0,2027.0,2028.0,2029.0,2030.0,2031.0,2032.0,2033.0,2034.0,2035.0,2036.0,2037.0,2038.0,2039.0,2040.0,2041.0,2042.0,2043.0,2044.0,2045.0,2046.0,2047.0,2048.0,2049.0,2050.0
,,TOU Load Impact (Relative to 2025),,,,,,,0.0,0.0,0.0,0.9870289885449737,0.9879665515056295,0.9884664432637755,0.988783953226987,0.9930131747252846,0.9962749400642253,0.9977302303016679,1.0,1.001924360077622,1.0041116160020271,1.0065464072354018,1.0090542750454794,1.0116358186522616,1.0142916421892882,1.0170223547439294,1.0198285703980048,1.0227109082687387,1.0256699925500499,1.028706452554179,1.0318209227536586,1.0350140428236283,1.038286457684493,1.0416388175449363,1.0450717779452814,1.048585999801212,1.0521821494478476,1.0558608986841842,1.0596229248178963,1.0634689107105086,1.0673995448229348,1.0714155212613947,1.0755175398237036,1.0797063060459422
,,,,,,,,,,,,,,,,,,,,,,,,,,,,,,,,,,,,,,,,,,,,
,,TOU Effects (GWh),,,,,,,2015.0,2016.0,2017.0,2018.0,2019.0,2020.0,2021.0,2022.0,2023.0,2024.0,2025.0,2026.0,2027.0,2028.0,2029.0,2030.0,2031.0,2032.0,2033.0,2034.0,2035.0,2036.0,2037.0,2038.0,2039.0,2040.0,2041.0,2042.0,2043.0,2044.0,2045.0,2046.0,2047.0,2048.0,2049.0,2050.0
,,None,,,,,,,0.0,0.0,0.0,0.0,0.0,0.0,0.0,0.0,0.0,0.0,0.0,0.0,0.0,0.0,0.0,0.0,0.0,0.0,0.0,0.0,0.0,0.0,0.0,0.0,0.0,0.0,0.0,0.0,0.0,0.0,0.0,0.0,0.0,0.0,0.0,0.0
,,Low (Christensen S3),,,,,,,0.0,0.0,0.0,-30.660430445642074,-30.689554295374165,-30.70508260979944,-30.714945534045658,-30.84631933673298,-30.947640706687896,-30.99284690186673,-31.063353560506947,-31.12313063797584,-31.191074142082954,-31.266706923011295,-31.344609707478746,-31.42480110926809,-31.507299894793064,-31.59212498435,-31.679295453379567,-31.768830533739013,-31.860749614984723,-31.955072245665328,-32.05181813462542,-32.15100715232004,-32.25265933213974,-32.356794871746736,-32.46343413442188,-32.57259765042271,-32.684306118352644,-32.79858040654142,-32.91544155443678,-33.03491077400772,-33.157009451159,-33.28175914715755,-33.40918160007031,-33.53929872621402
,,Mid (MRW S4),,,,,,,0.0,0.0,0.0,-65.66453269410704,-65.72690637755227,-65.76016290707395,-65.78128603881777,-66.06264540776088,-66.2796423746434,-66.37645913938385,-66.52746115482003,-66.65548394513192,-66.80099652867843,-66.96297700787686,-67.12981908619322,-67.3015626282129,-67.47824782540648,-67.65991519881037,-67.84660560172891,-68.03836022245923,-68.23522058703799,-68.43722856201086,-68.64442635722459,-68.85685652864217,-69.0745619811808,-69.29758597157343,-69.52597211125342,-69.75976436926325,-69.99900707518673,-70.24374492210544,-70.49402296957939,-70.74988664665214,-71.01138175488038,-71.27855447138869,-71.55145135194905,-71.83011933408565
,,High (MRW S4 x1.5),,,,,,,0.0,0.0,0.0,-98.49679904116081,-98.59035956632866,-98.64024436061116,-98.6719290582269,-99.09396811164157,-99.41946356196536,-99.56468870907602,-99.7911917322303,-99.98322591769814,-100.2014947930179,-100.44446551181554,-100.69472862929008,-100.9523439423196,-101.21737173811,-101.4898727982158,-101.76990840259361,-102.05754033368909,-102.35283088055726,-102.65584284301654,-102.96663953583713,-103.28528479296351,-103.61184297177147,-103.9463789573604,-104.28895816688039,-104.63964655389515,-104.99851061278035,-105.36561738315842,-105.74103445436934,-106.12482996997848,-106.51707263232083,-106.91783170708331,-107.32717702792384,-107.74517900112875
,,Active: High (MRW S4 x1.5),,,,,,,0.0,0.0,0.0,-98.49679904116081,-98.59035956632866,-98.64024436061116,-98.6719290582269,-99.09396811164157,-99.41946356196536,-99.56468870907602,-99.7911917322303,-99.98322591769814,-100.2014947930179,-100.44446551181554,-100.69472862929008,-100.9523439423196,-101.21737173811,-101.4898727982158,-101.76990840259361,-102.05754033368909,-102.35283088055726,-102.65584284301654,-102.96663953583713,-103.28528479296351,-103.61184297177147,-103.9463789573604,-104.28895816688039,-104.63964655389515,-104.99851061278035,-105.36561738315842,-105.74103445436934,-106.12482996997848,-106.51707263232083,-106.91783170708331,-107.32717702792384,-107.74517900112875
,,,,,,,,,,,,,,,,,,,,,,,,,,,,,,,,,,,,,,,,,,,,
,,CAISO Retail Sales (GWh),,,,,,,2015.0,2016.0,2017.0,2018.0,2019.0,2020.0,2021.0,2022.0,2023.0,2024.0,2025.0,2026.0,2027.0,2028.0,2029.0,2030.0,2031.0,2032.0,2033.0,2034.0,2035.0,2036.0,2037.0,2038.0,2039.0,2040.0,2041.0,2042.0,2043.0,2044.0,2045.0,2046.0,2047.0,2048.0,2049.0,2050.0
,,Baseline Consumption,,,,,,,231785.83937600002,235224.48361289862,236296.37675243555,237606.7353951265,239422.48621022704,240992.59433420884,242661.9338046808,245189.33730409917,247543.68605819813,249408.2728095331,251465.0844443085,253445.344484677,255408.1854772982,257502.50489004597,259613.99749477432,261742.80410979444,263889.06670811237,266052.9284268975,268234.5335770283,270434.027652717,272651.55734121246,274887.270532583,277141.3163295796,279413.84505757963,281705.0082746121,284014.9587814655,286343.8506318782,288691.8391428126,291059.0809048132,293445.73379245005,295851.9569748475,298277.9109262995,300723.7574369718,303189.659623692,305675.78194082784,308182.2901912552
,,+ Electric Vehicles,,,,,,,215.0,316.0,448.0,716.0,1086.0,1455.0,1607.0,1997.0,2574.0,3296.0,4100.0,4931.0,5749.0,6621.0,7535.0,8483.0,9330.8,10178.599999999999,11026.399999999998,11874.199999999997,12721.999999999996,13569.799999999996,14417.599999999995,15265.399999999994,16113.199999999993,16960.999999999993,17808.799999999992,18656.59999999999,19504.39999999999,20352.19999999999,21199.99999999999,22047.79999999999,22895.599999999988,23743.399999999987,24591.199999999986,25438.999999999985
,,+ Other Electrification,,,,,,,0.0,63.28904340264219,129.81191904219907,187.4116783678835,247.82771036930848,310.9704036952765,346.9228359634924,575.1406561001069,633.6330776807797,704.9638684974715,848.5880797760359,917.2299131972284,991.4241476098022,1074.6808459117412,1157.9375442136802,1241.1942425156192,1324.4509408175581,1407.7076391194971,1490.964337421436,1574.221035723375,1657.477734025314,1740.734432327253,1823.991130629192,1907.247828931131,1990.50452723307,2073.761225535009,2157.0179238369483,2240.2746221388875,2323.5313204408267,2406.788018742766,2490.044717044705,2573.3014153466443,2656.5581136485835,2739.8148119505227,2823.071510252462,2906.328208554401
,,- Behind-the-Meter PV,,,,,,,-5512.834529999999,-7974.545999999999,-9395.867900000001,-10225.779100000002,-11043.4423,-11877.5633,-12833.5553,-13983.1049,-15311.4514,-16796.1673,-18426.6173,-20190.592299999997,-22005.323800000002,-23609.767580000003,-25214.211360000005,-26818.655140000006,-28423.098920000008,-30027.54270000001,-31631.98648000001,-33236.43026000001,-34840.87404000001,-36445.31782000001,-38049.76160000001,-39654.205380000014,-41258.649160000015,-42863.09294000002,-44467.53672000002,-46071.98050000002,-47676.42428000002,-49280.86806000002,-50885.311840000024,-52489.755620000025,-54094.19940000003,-55698.64318000003,-57303.08696000003,-58907.53074000003
,,- Other On-Site Self Generation,,,,,,,-11789.416189999998,-12811.397687541355,-13166.928250351306,-13516.178206565186,-13609.598013432998,-13700.450477561722,-13782.547232777759,-13856.729643643352,-13920.175842126187,-13974.36111925801,-14020.362204960049,-14058.015789316203,-14095.869390395728,-14095.869390395728,-14095.869390395728,-14095.869390395728,-14095.869390395728,-14095.869390395728,-14095.869390395728,-14095.869390395728,-14095.869390395728,-14095.869390395728,-14095.869390395728,-14095.869390395728,-14095.869390395728,-14095.869390395728,-14095.869390395728,-14095.869390395728,-14095.869390395728,-14095.869390395728,-14095.869390395728,-14095.869390395728,-14095.869390395728,-14095.869390395728,-14095.869390395728,-14095.869390395728
,,- Energy Efficiency,,,,,,,0.0,-1877.1663049263304,-4078.9067020622288,-6973.759608875356,-9142.375607725515,-11215.067824659604,-13402.556600199354,-15573.651677895306,-17791.836808580316,-19904.616441788552,-22023.366095523277,-24129.741344299542,-26184.932314578735,-28313.430241915423,-30441.92816925211,-32570.426096588795,-34698.92402392549,-36827.42195126217,-38955.919878598856,-41084.41780593555,-43212.91573327224,-45341.41366060892,-47469.91158794561,-49598.4095152823,-51726.90744261899,-53855.405369955675,-55983.90329729236,-58112.40122462905,-60240.89915196574,-62369.39707930243,-64497.89500663911,-66626.3929339758,-68754.8908613125,-70883.38878864917,-73011.88671598586,-75140.38464332256
,,- TOU Effects,,,,,,,0.0,0.0,0.0,-98.49679904116081,-98.59035956632866,-98.64024436061116,-98.6719290582269,-99.09396811164157,-99.41946356196536,-99.56468870907602,-99.7911917322303,-99.98322591769814,-100.2014947930179,-100.44446551181554,-100.69472862929008,-100.9523439423196,-101.21737173811,-101.4898727982158,-101.76990840259361,-102.05754033368909,-102.35283088055726,-102.65584284301654,-102.96663953583713,-103.28528479296351,-103.61184297177147,-103.9463789573604,-104.28895816688039,-104.63964655389515,-104.99851061278035,-105.36561738315842,-105.74103445436934,-106.12482996997848,-106.51707263232083,-106.91783170708331,-107.32717702792384,-107.74517900112875
,,= Total Managed Retail Sales,,,,,,,214698.58865600004,212940.6626638336,210232.4858190642,207695.93335901268,206862.30763987152,205866.8428913222,204498.52557860894,204248.897770549,203628.43562161044,202634.52712827493,201843.535731869,200815.2417383408,199762.2826251405,199078.6740581347,198454.2313907108,197881.0953813832,197225.20794287056,196586.91215156083,195966.3522570526,195363.67369177548,194779.02308068925,194212.54825106257,193664.39824233158,193134.72331603974,192623.67496585863,192131.40592769173,191658.07018986013,191203.82300337276,190768.82089227968,190353.22166411148,189957.18442040292,189580.8695673046,189224.43882627977,188888.0552448905,188571.8832076708,188276.08844709024
,,,,,,,,,,,,,,,,,,,,,,,,,,,,,,,,,,,,,,,,,,,,
,,For reference only: CEC 2015 IEPR Retail Sales,,,,,,,214965.0,213575.99869507368,211315.05829793774,209521.73039112464,209190.3093922745,208807.6771753404,208351.95339980064,208903.42832210468,208984.6031914197,208643.01355821145,208357.6039044767,207747.5736557005,207261.74368542127,,,,,,,,,,,,,,,,,,,,,,,
,,,,,,,,,,,,,,,,,,,,,,,,,,,,,,,,,,,,,,,,,,,,
,,Pumping Loads (included in retail sales; GWh),,,Method,Last Year,Period,,2015.0,2016.0,2017.0,2018.0,2019.0,2020.0,2021.0,2022.0,2023.0,2024.0,2025.0,2026.0,2027.0,2028.0,2029.0,2030.0,2031.0,2032.0,2033.0,2034.0,2035.0,2036.0,2037.0,2038.0,2039.0,2040.0,2041.0,2042.0,2043.0,2044.0,2045.0,2046.0,2047.0,2048.0,2049.0,2050.0
,,CEC 2016 IEPR,,,Flat,2027.0,,,6009.0,8277.0,8266.0,8264.0,8274.0,8282.0,8288.0,8308.0,8321.0,8330.0,8342.0,8348.0,8354.0,8354.0,8354.0,8354.0,8354.0,8354.0,8354.0,8354.0,8354.0,8354.0,8354.0,8354.0,8354.0,8354.0,8354.0,8354.0,8354.0,8354.0,8354.0,8354.0,8354.0,8354.0,8354.0,8354.0
,,Active: ,,,,,,,6009.0,8277.0,8266.0,8264.0,8274.0,8282.0,8288.0,8308.0,8321.0,8330.0,8342.0,8348.0,8354.0,8354.0,8354.0,8354.0,8354.0,8354.0,8354.0,8354.0,8354.0,8354.0,8354.0,8354.0,8354.0,8354.0,8354.0,8354.0,8354.0,8354.0,8354.0,8354.0,8354.0,8354.0,8354.0,8354.0
,,,,,,,,,,,,,,,,,,,,,,,,,,,,,,,,,,,,,,,,,,,,
,CAISO Net Energy for Load (after T&D Losses),,,,,,,,,,,,,,,,,,,,,,,,,,,,,,,,,,,,,,,,,,,
,,,,,,,,,,,,,,,,,,,,,,,,,,,,,,,,,,,,,,,,,,,,
,,Loads by contributors with known shape - grossed up for T&D losses (GWh),,,,,,,2015.0,2016.0,2017.0,2018.0,2019.0,2020.0,2021.0,2022.0,2023.0,2024.0,2025.0,2026.0,2027.0,2028.0,2029.0,2030.0,2031.0,2032.0,2033.0,2034.0,2035.0,2036.0,2037.0,2038.0,2039.0,2040.0,2041.0,2042.0,2043.0,2044.0,2045.0,2046.0,2047.0,2048.0,2049.0,2050.0
,,"Load without BTM PV, EV, EE, and TOU",,,,,,,237397.67258659765,240005.48821124126,240778.51354492744,241815.6438853581,243674.20761497147,245270.46925288351,246983.25949271937,249630.52515426333,252102.63323197578,254056.23361419563,256226.09500307377,258322.35750011957,260399.60730215008,262659.5829282942,264938.0901093974,267235.28080219997,269551.3082094709,271886.3267902253,274240.4922700255,276613.96165136644,279006.8932241467,281419.4465762245,283851.78260406165,286304.063523453,288776.45288034575,291269.11556174577,293782.2178067147,296315.92721745645,298870.41277049476,301445.84482794255,304042.3951488635,306660.23690072715,309299.5446709573,311960.4944785759,314643.2637859417,317348.03151058545
,, + Electric Vehicles,,,,,,,232.0060429480954,340.9949282399914,483.43584763138017,772.6340779108665,1171.9002913564261,1570.0874069278084,1734.110283802741,2154.958454731844,2777.5979281320815,3556.7065932880114,4424.301284126471,5321.0316175677135,6203.733678644653,7144.707024927161,8131.002481925111,9153.987266645085,10068.846444372504,10983.705622099924,11898.564799827342,12813.423977554761,13728.28315528218,14643.1423330096,15558.001510737018,16472.86068846444,17387.719866191856,18302.579043919275,19217.438221646695,20132.297399374114,21047.156577101534,21962.015754828954,22876.874932556373,23791.734110283793,24706.59328801121,25621.45246573863,26536.311643466048,27451.170821193467
,, + Building Electrification,,,,,,,0.0,68.29507219449897,140.07976588129824,202.23554372276195,267.4303554217206,335.5675015595948,374.3636947917259,620.6330593504985,683.7521071336784,760.7250118673481,915.7095929384222,989.7808494628557,1069.843690093668,1159.685816242302,1249.5279423909358,1339.3700685395697,1429.2121946882035,1519.0543208368374,1608.8964469854711,1698.738573134105,1788.5806992827388,1878.4228254313728,1968.2649515800065,2058.1070777286404,2147.949203877274,2237.7913300259083,2327.6334561745425,2417.4755823231762,2507.3177084718104,2597.1598346204446,2687.001960769079,2776.8440869177125,2866.6862130663467,2956.528339214981,3046.370465363615,3136.212591512249
,, - Behind-the-Meter PV,,,,,,,-5948.888022013596,-8605.315636128196,-10139.06107693968,-11034.61648861552,-11916.955109528435,-12817.053307434984,-13848.662242365383,-15089.13877198662,-16522.554656307326,-18124.708427754398,-19884.123556706596,-21787.625229308294,-23745.89813316068,-25477.250005395494,-27208.601877630306,-28939.95374986512,-30671.305622099935,-32402.657494334748,-34134.00936656956,-35865.36123880437,-37596.713111039186,-39328.064983273995,-41059.41685550881,-42790.76872774362,-44522.120599978436,-46253.47247221325,-47984.82434444806,-49716.17621668288,-51447.52808891769,-53178.8799611525,-54910.23183338732,-56641.58370562213,-58372.935577856944,-60104.28745009175,-61835.63932232657,-63566.991194561386
,, - Energy Efficiency,,,,,,,0.0,-2025.6461691230502,-4401.539551162436,-7525.369168960135,-9865.51808322598,-12102.155848343158,-14462.670335814562,-16805.49441879282,-19199.133277846464,-21479.02928864633,-23765.367535905123,-26038.352589079037,-28256.104796135467,-30552.962384715036,-32849.81997329461,-35146.677561874174,-37443.53515045375,-39740.39273903331,-42037.250327612885,-44334.10791619246,-46630.96550477203,-48927.823093351595,-51224.68068193116,-53521.53827051074,-55818.39585909031,-58115.25344766988,-60412.111036249444,-62708.96862482902,-65005.826213408596,-67302.68380198817,-69599.54139056773,-71896.3989791473,-74193.25656772687,-76490.11415630643,-78786.97174488602,-81083.82933346559
,,- TOU Effects,,,,,,,0.0,0.0,0.0,-106.28768645857431,-106.38864742238984,-106.44247799785386,-106.47666888769494,-106.93209033305448,-107.28333178155322,-107.4400439290774,-107.68446285985789,-107.89168654116557,-108.12722002052217,-108.38940920666401,-108.65946760471576,-108.9374597413614,-109.22345067239668,-109.51750598706788,-109.8196918124459,-110.13007481783652,-110.44872221922658,-110.77570178376664,-111.11108183429064,-111.45493125387236,-111.8073194904192,-112.16831656130398,-112.5379930580343,-112.91642015096056,-113.30366959402218,-113.6998137295332,-114.10492549300673,-114.51907841801929,-114.94234664111453,-115.37480490674794,-115.81652857227132,-116.26759361295862
,,= Total Managed Net Energy for Load (GWh),,,,,,,231680.79060753217,229783.81640642454,226861.42853033802,224124.24016295746,223224.67642157283,222150.47252759492,220673.9242242462,220404.55138723322,219735.01200130617,218662.48745902118,217808.9303246671,216699.30046222164,215563.05452157173,214825.37397014644,214151.53921518388,213533.06936590394,212825.3026253055,212136.5189938069,211466.8741308434,210816.5249722407,210185.62974068118,209574.34795625618,208982.84044710442,208411.2693601379,207859.79817185574,207328.5916992465,206817.8161107804,206327.63893749088,205858.2290841478,205409.7568405217,204982.39389274083,204576.31333474116,204191.6896798099,203828.69887222457,203487.5182989865,203168.32680165127
,,,,,,,,,,,,,,,,,,,,,,,,,,,,,,,,,,,,,,,,,,,,
,CAISO Peak Demand Buildup,,,,,,,,,,,,,,,,,,,,,,,,,,,,,,,,,,,,,,,,,,,
,,,,,,,,,,,,,,,,,,,,,,,,,,,,,,,,,,,,,,,,,,,,
,,Baseline End Use Loads (Non-Coincident MW),,,Method,Last Year,Period,,2015.0,2016.0,2017.0,2018.0,2019.0,2020.0,2021.0,2022.0,2023.0,2024.0,2025.0,2026.0,2027.0,2028.0,2029.0,2030.0,2031.0,2032.0,2033.0,2034.0,2035.0,2036.0,2037.0,2038.0,2039.0,2040.0,2041.0,2042.0,2043.0,2044.0,2045.0,2046.0,2047.0,2048.0,2049.0,2050.0
,,CEC 2016 IEPR - Mid Demand,,,CAGR,2027.0,5.0,,51266.492043568906,51417.9759569454,52129.0526266785,52550.19054910948,52810.32610467881,53154.387245649894,53539.67423765138,54084.42891415358,54596.84383622345,55017.96243002826,55395.07567811499,55814.305459448,56247.302493311836,56690.14784653951,57136.479802647365,57586.32581230086,58039.7135422896,58496.670877228906,58957.225921274796,59421.40699985249,59889.242661398464,60360.76167911632,60835.99305274634,61314.96601034912,61797.71001010315,62284.25474211656,62774.63013025317,63268.86633397289,63766.99375018657,64269.043015125564,64775.04500622589,65285.0308440273,65799.03189408727,66317.07976891009,66839.2063298911,67365.44368927625
,,Active: ,,,,,,,51266.492043568906,51417.9759569454,52129.0526266785,52550.19054910948,52810.32610467881,53154.387245649894,53539.67423765138,54084.42891415358,54596.84383622345,55017.96243002826,55395.07567811499,55814.305459448,56247.302493311836,56690.14784653951,57136.479802647365,57586.32581230086,58039.7135422896,58496.670877228906,58957.225921274796,59421.40699985249,59889.242661398464,60360.76167911632,60835.99305274634,61314.96601034912,61797.71001010315,62284.25474211656,62774.63013025317,63268.86633397289,63766.99375018657,64269.043015125564,64775.04500622589,65285.0308440273,65799.03189408727,66317.07976891009,66839.2063298911,67365.44368927625
,,,,,,,,,,,,,,,,,,,,,,,,,,,,,,,,,,,,,,,,,,,,
,,Electric Vehicles (Non-Coincident MW),,,Method,Last Year,Period,,2015.0,2016.0,2017.0,2018.0,2019.0,2020.0,2021.0,2022.0,2023.0,2024.0,2025.0,2026.0,2027.0,2028.0,2029.0,2030.0,2031.0,2032.0,2033.0,2034.0,2035.0,2036.0,2037.0,2038.0,2039.0,2040.0,2041.0,2042.0,2043.0,2044.0,2045.0,2046.0,2047.0,2048.0,2049.0,2050.0
,,CEC 2016 IEPR - Mid Demand,,,Linear,2027.0,5.0,,68.95749120193146,98.08230719630212,127.42225397693294,159.3058456840823,201.56603296627557,252.26703181718037,317.93080863040956,395.00405665690585,484.8810868676195,593.1772957205596,691.2144036332124,783.012258904425,888.5406700679998,987.2479927502186,1085.9553154324374,1184.6626381146561,1283.369960796875,1382.0772834790937,1480.7846061613125,1579.4919288435312,1678.19925152575,1776.9065742079688,1875.6138968901876,1974.3212195724063,2073.0285422546253,2171.7358649368443,2270.4431876190633,2369.1505103012823,2467.8578329835013,2566.5651556657203,2665.2724783479393,2763.9798010301583,2862.6871237123773,2961.3944463945963,3060.1017690768153,3158.8090917590343
,,CARB Scoping Plan - SP,,,Linear,2030.0,5.0,,30.79665818679849,44.96461196420944,63.62117411697361,101.53679693995836,153.76342534671997,205.65516051368843,226.7046728301561,280.95022776653707,361.2482850485344,461.2692801881971,572.1166060245839,686.3432448277382,797.9875574139854,918.0426508098673,1043.8613172089345,1174.3372114063209,1290.9067228508302,1407.456490605328,1523.9904881931927,1640.5116899137158,1757.022366357997,1873.5242809048334,1990.018823858193,2106.507106154306,2222.9900261754783,2339.4683182641265,2455.942588529288,2572.4133416664645,2688.881001316523,2805.3459257094237,2921.8084198194715,3038.2687449071395,3154.7271260803336,3271.1837583386678,3387.638811444346,3504.0924338770683
,,CARB Scoping Plan - Alt1,,,Linear,2030.0,5.0,,30.79665818679849,44.96461196420944,63.62117411697361,101.1113634332267,152.6307297640554,203.25231671387215,223.31891542634546,275.7448404719142,353.10826930152007,463.9282960630684,583.838019416307,705.5513907993926,814.9217167468271,924.1435232816441,1072.5380647420798,1251.3066195805416,1384.8733544537245,1518.409184302076,1651.9203289273967,1785.4114440345418,1918.8860838058495,2052.347008478412,2185.7963943110053,2319.2359802648757,2452.667172588168,2586.0911207555055,2719.508773516328,2852.920920876303,2986.328225965349,3119.7312495249366,3253.130468934851,3386.5262931491125,3519.9190745317105,3653.3091183177853,3786.6966902380627,3920.0820227095223
,,Active: CARB Scoping Plan - SP,,,,,,,30.79665818679849,44.96461196420944,63.62117411697361,101.53679693995836,153.76342534671997,205.65516051368843,226.7046728301561,280.95022776653707,361.2482850485344,461.2692801881971,572.1166060245839,686.3432448277382,797.9875574139854,918.0426508098673,1043.8613172089345,1174.3372114063209,1290.9067228508302,1407.456490605328,1523.9904881931927,1640.5116899137158,1757.022366357997,1873.5242809048334,1990.018823858193,2106.507106154306,2222.9900261754783,2339.4683182641265,2455.942588529288,2572.4133416664645,2688.881001316523,2805.3459257094237,2921.8084198194715,3038.2687449071395,3154.7271260803336,3271.1837583386678,3387.638811444346,3504.0924338770683
,,EV Peak Load Impact - Accounting for Flex Charging,,,,,,,30.79665818679849,44.96461196420944,63.62117411697361,101.53679693995836,153.76342534671997,205.65516051368843,226.7046728301561,280.95022776653707,361.2482850485344,461.2692801881971,572.1166060245839,686.3432448277382,797.9875574139854,918.0426508098673,1043.8613172089345,1174.3372114063209,1290.9067228508302,1407.456490605328,1523.9904881931927,1640.5116899137158,1757.022366357997,1873.5242809048334,1990.018823858193,2106.507106154306,2222.9900261754783,2339.4683182641265,2455.942588529288,2572.4133416664645,2688.881001316523,2805.3459257094237,2921.8084198194715,3038.2687449071395,3154.7271260803336,3271.1837583386678,3387.638811444346,3504.0924338770683
,,,,,,,,,,,,,,,,,,,,,,,,,,,,,,,,,,,,,,,,,,,,
,,Other Electrification (Non-Coincident MW),,,Method,Last Year,Period,,2015.0,2016.0,2017.0,2018.0,2019.0,2020.0,2021.0,2022.0,2023.0,2024.0,2025.0,2026.0,2027.0,2028.0,2029.0,2030.0,2031.0,2032.0,2033.0,2034.0,2035.0,2036.0,2037.0,2038.0,2039.0,2040.0,2041.0,2042.0,2043.0,2044.0,2045.0,2046.0,2047.0,2048.0,2049.0,2050.0
,,CEC 2016 IEPR - Mid Demand,,,Linear,2027.0,5.0,,0.0,10.832515585736994,22.208000369495718,32.23787949324955,42.7388436399191,53.71896870934763,59.9958259064166,101.07370643909353,111.24341867122484,123.59366335782622,148.78370564936384,160.4557387838793,173.00032682548536,187.38565090276373,201.7709749800421,216.15629905732047,230.54162313459884,244.9269472118772,259.31227128915555,273.6975953664339,288.0829194437123,302.46824352099065,316.853567598269,331.2388916755474,345.62421575282576,360.00953983010413,374.3948639073825,388.78018798466087,403.16551206193924,417.5508361392176,431.936160216496,446.32148429377435,460.7068083710527,475.0921324483311,489.47745652560945,503.8627806028878
,,CARB Scoping Plan - SP,,,,,,,,,,,,,,,,,,,,,,,,,,,,,,,,,,,,,,,,,,
,,CARB Scoping Plan - Alt1,,,,,,,,,,,,,,,,,,,,,,,,,,,,,,,,,,,,,,,,,,
,,Active: ,,,,,,,0.0,10.832515585736994,22.208000369495718,32.23787949324955,42.7388436399191,53.71896870934763,59.9958259064166,101.07370643909353,111.24341867122484,123.59366335782622,148.78370564936384,160.4557387838793,173.00032682548536,187.38565090276373,201.7709749800421,216.15629905732047,230.54162313459884,244.9269472118772,259.31227128915555,273.6975953664339,288.0829194437123,302.46824352099065,316.853567598269,331.2388916755474,345.62421575282576,360.00953983010413,374.3948639073825,388.78018798466087,403.16551206193924,417.5508361392176,431.936160216496,446.32148429377435,460.7068083710527,475.0921324483311,489.47745652560945,503.8627806028878
,,,,,,,,,,,,,,,,,,,,,,,,,,,,,,,,,,,,,,,,,,,,
,,Load-Modifying Demand Response (Non-Coincident MW),,,Method,Last Year,Period,,2015.0,2016.0,2017.0,2018.0,2019.0,2020.0,2021.0,2022.0,2023.0,2024.0,2025.0,2026.0,2027.0,2028.0,2029.0,2030.0,2031.0,2032.0,2033.0,2034.0,2035.0,2036.0,2037.0,2038.0,2039.0,2040.0,2041.0,2042.0,2043.0,2044.0,2045.0,2046.0,2047.0,2048.0,2049.0,2050.0
,,CEC 2016 IEPR - Mid Demand,,,Flat,2027.0,,,140.7,167.1,206.6,203.1,207.6,213.1,218.4,223.9,230.3,234.7,240.2,240.2,240.2,240.2,240.2,240.2,240.2,240.2,240.2,240.2,240.2,240.2,240.2,240.2,240.2,240.2,240.2,240.2,240.2,240.2,240.2,240.2,240.2,240.2,240.2,240.2
,,Active:,,,,,,,140.7,167.1,206.6,203.1,207.6,213.1,218.4,223.9,230.3,234.7,240.2,240.2,240.2,240.2,240.2,240.2,240.2,240.2,240.2,240.2,240.2,240.2,240.2,240.2,240.2,240.2,240.2,240.2,240.2,240.2,240.2,240.2,240.2,240.2,240.2,240.2
,,,,,,,,,,,,,,,,,,,,,,,,,,,,,,,,,,,,,,,,,,,,
,,Other On-Site Self Generation (Non-Coincident MW),,,Method,Last Year,Period,,2015.0,2016.0,2017.0,2018.0,2019.0,2020.0,2021.0,2022.0,2023.0,2024.0,2025.0,2026.0,2027.0,2028.0,2029.0,2030.0,2031.0,2032.0,2033.0,2034.0,2035.0,2036.0,2037.0,2038.0,2039.0,2040.0,2041.0,2042.0,2043.0,2044.0,2045.0,2046.0,2047.0,2048.0,2049.0,2050.0
,,CEC 2016 IEPR - Mid Demand,,,Flat,2027.0,,,1658.55906,1689.6888978049542,2063.9154402673457,2167.748285408095,2233.9741583549535,2299.599499582984,2363.8856159357097,2427.3107977150853,2488.810187408226,2548.9786873823,2607.8147476624767,2665.3533005893314,2722.936142510831,2722.936142510831,2722.936142510831,2722.936142510831,2722.936142510831,2722.936142510831,2722.936142510831,2722.936142510831,2722.936142510831,2722.936142510831,2722.936142510831,2722.936142510831,2722.936142510831,2722.936142510831,2722.936142510831,2722.936142510831,2722.936142510831,2722.936142510831,2722.936142510831,2722.936142510831,2722.936142510831,2722.936142510831,2722.936142510831,2722.936142510831
,,Active:,,,,,,,1658.55906,1689.6888978049542,2063.9154402673457,2167.748285408095,2233.9741583549535,2299.599499582984,2363.8856159357097,2427.3107977150853,2488.810187408226,2548.9786873823,2607.8147476624767,2665.3533005893314,2722.936142510831,2722.936142510831,2722.936142510831,2722.936142510831,2722.936142510831,2722.936142510831,2722.936142510831,2722.936142510831,2722.936142510831,2722.936142510831,2722.936142510831,2722.936142510831,2722.936142510831,2722.936142510831,2722.936142510831,2722.936142510831,2722.936142510831,2722.936142510831,2722.936142510831,2722.936142510831,2722.936142510831,2722.936142510831,2722.936142510831,2722.936142510831
,,,,,,,,,,,,,,,,,,,,,,,,,,,,,,,,,,,,,,,,,,,,
,,TOU Load Impact (Relative to 2025),,,,,,,2015.0,2016.0,2017.0,2018.0,2019.0,2020.0,2021.0,2022.0,2023.0,2024.0,2025.0,2026.0,2027.0,2028.0,2029.0,2030.0,2031.0,2032.0,2033.0,2034.0,2035.0,2036.0,2037.0,2038.0,2039.0,2040.0,2041.0,2042.0,2043.0,2044.0,2045.0,2046.0,2047.0,2048.0,2049.0,2050.0
,,TOU Load Impact (Relative to 2025),,,,,,,0.0,0.0,0.0,0.9870289885449737,0.9879665515056295,0.9884664432637755,0.988783953226987,0.9930131747252846,0.9962749400642253,0.9977302303016679,1.0,1.001924360077622,1.0041116160020271,1.0065464072354018,1.0090542750454794,1.0116358186522616,1.0142916421892882,1.0170223547439294,1.0198285703980048,1.0227109082687387,1.0256699925500499,1.028706452554179,1.0318209227536586,1.0350140428236283,1.038286457684493,1.0416388175449363,1.0450717779452814,1.048585999801212,1.0521821494478476,1.0558608986841842,1.0596229248178963,1.0634689107105086,1.0673995448229348,1.0714155212613947,1.0755175398237036,1.0797063060459422
,,,,,,,,,,,,,,,,,,,,,,,,,,,,,,,,,,,,,,,,,,,,
,,TOU Effects (Non-Coincident MW),,,,,,,2015.0,2016.0,2017.0,2018.0,2019.0,2020.0,2021.0,2022.0,2023.0,2024.0,2025.0,2026.0,2027.0,2028.0,2029.0,2030.0,2031.0,2032.0,2033.0,2034.0,2035.0,2036.0,2037.0,2038.0,2039.0,2040.0,2041.0,2042.0,2043.0,2044.0,2045.0,2046.0,2047.0,2048.0,2049.0,2050.0
,,None,,,,,,,0.0,0.0,0.0,0.0,0.0,0.0,0.0,0.0,0.0,0.0,0.0,0.0,0.0,0.0,0.0,0.0,0.0,0.0,0.0,0.0,0.0,0.0,0.0,0.0,0.0,0.0,0.0,0.0,0.0,0.0,0.0,0.0,0.0,0.0,0.0,0.0
,,Low (Christensen S3),,,,,,,0.0,0.0,0.0,-161.16199454672446,-161.31507973318404,-161.39670200946495,-161.4485450045071,-162.139091867827,-162.6716725861927,-162.9092922306333,-163.2799,-163.5941093210381,-163.9512442496494,-164.34879671875566,-164.75828112399836,-165.1797953059594,-165.61343790750277,-166.05930838035331,-166.5175069917292,-166.98813483102882,-167.47129381657288,-167.96708670240108,-168.4756170851251,-168.99698941083776,-169.53130898207826,-170.07868196485543,-170.63921539572775,-171.2130171889419,-171.80019614362962,-172.40086195106372,-173.01512520197363,-173.64309739392078,-174.2848909387343,-174.9406191700084,-175.61039635066032,-176.29433768055083
,,Mid (MRW S4),,,,,,,0.0,0.0,0.0,-683.949893264377,-684.5995662672079,-684.9459602623141,-685.1659749812019,-688.0965632677893,-690.3567644182242,-691.3651903247771,-692.938,-694.2714622234672,-695.7870949692127,-697.4742543368849,-699.2120512414643,-701.0009009052609,-702.841221955361,-704.733436451549,-706.6779699144527,-708.6752513539233,-710.7257132976464,-712.8297918199876,-714.9879265710747,-717.2005608061194,-719.4681414149773,-721.7911189519531,-724.1699476658474,-726.6050855302522,-729.0969942740926,-731.6461394124212,-734.2529902774635,-736.9180200499184,-739.6417057905147,-742.4245284718284,-745.2669730103574,-748.169528298863
,,High (MRW S4 x1.5),,,,,,,0.0,0.0,0.0,-1025.9248398965653,-1026.8993494008118,-1027.418940393471,-1027.7489624718028,-1032.1448449016839,-1035.5351466273362,-1037.0477854871656,-1039.407,-1041.4071933352006,-1043.680642453819,-1046.2113815053272,-1048.8180768621964,-1051.5013513578913,-1054.2618329330414,-1057.1001546773234,-1060.016954871679,-1063.0128770308847,-1066.0885699464695,-1069.2446877299815,-1072.4818898566118,-1075.800841209179,-1079.2022121224657,-1082.6866784279296,-1086.254921498771,-1089.9076282953781,-1093.645491411139,-1097.4692091186319,-1101.3794854161952,-1105.3770300748777,-1109.4625586857721,-1113.6367927077424,-1117.900459515536,-1122.2542924482946
,,Active: High (MRW S4 x1.5),,,,,,,0.0,0.0,0.0,-1025.9248398965653,-1026.8993494008118,-1027.418940393471,-1027.7489624718028,-1032.1448449016839,-1035.5351466273362,-1037.0477854871656,-1039.407,-1041.4071933352006,-1043.680642453819,-1046.2113815053272,-1048.8180768621964,-1051.5013513578913,-1054.2618329330414,-1057.1001546773234,-1060.016954871679,-1063.0128770308847,-1066.0885699464695,-1069.2446877299815,-1072.4818898566118,-1075.800841209179,-1079.2022121224657,-1082.6866784279296,-1086.254921498771,-1089.9076282953781,-1093.645491411139,-1097.4692091186319,-1101.3794854161952,-1105.3770300748777,-1109.4625586857721,-1113.6367927077424,-1117.900459515536,-1122.2542924482946
,,,,,,,,,,,,,,,,,,,,,,,,,,,,,,,,,,,,,,,,,,,,
,,Coincidence Factor,,,,,,,2015.0,2016.0,2017.0,2018.0,2019.0,2020.0,2021.0,2022.0,2023.0,2024.0,2025.0,2026.0,2027.0,2028.0,2029.0,2030.0,2031.0,2032.0,2033.0,2034.0,2035.0,2036.0,2037.0,2038.0,2039.0,2040.0,2041.0,2042.0,2043.0,2044.0,2045.0,2046.0,2047.0,2048.0,2049.0,2050.0
,,CEC 2016  IEPR,,,Flat,2027.0,,,0.965,0.965,0.965,0.965,0.965,0.965,0.965,0.965,0.965,0.965,0.965,0.965,0.965,0.965,0.965,0.965,0.965,0.965,0.965,0.965,0.965,0.965,0.965,0.965,0.965,0.965,0.965,0.965,0.965,0.965,0.965,0.965,0.965,0.965,0.965,0.965
,,Active:,,,,,,,0.965,0.965,0.965,0.965,0.965,0.965,0.965,0.965,0.965,0.965,0.965,0.965,0.965,0.965,0.965,0.965,0.965,0.965,0.965,0.965,0.965,0.965,0.965,0.965,0.965,0.965,0.965,0.965,0.965,0.965,0.965,0.965,0.965,0.965,0.965,0.965
,,,,,,,,,,,,,,,,,,,,,,,,,,,,,,,,,,,,,,,,,,,,
,,Energy Efficiency (Coincident MW),,,Method,Last Year,Period,,2015.0,2016.0,2017.0,2018.0,2019.0,2020.0,2021.0,2022.0,2023.0,2024.0,2025.0,2026.0,2027.0,2028.0,2029.0,2030.0,2031.0,2032.0,2033.0,2034.0,2035.0,2036.0,2037.0,2038.0,2039.0,2040.0,2041.0,2042.0,2043.0,2044.0,2045.0,2046.0,2047.0,2048.0,2049.0,2050.0
,,AB820,,,Linear,2026.0,5.0,,0.0,51.1,123.1,256.6,367.9,488.3,603.4,727.2,849.6,964.2,1079.8,1192.1,1309.84,1427.58,1545.32,1663.06,1780.8,1898.54,2016.28,2134.02,2251.7599999999998,2369.4999999999995,2487.2399999999993,2604.979999999999,2722.719999999999,2840.4599999999987,2958.1999999999985,3075.9399999999982,3193.679999999998,3311.419999999998,3429.1599999999976,3546.8999999999974,3664.639999999997,3782.379999999997,3900.1199999999967,4017.8599999999965
,,CEC 2016 IEPR - No AAEE,,,Linear,2027.0,5.0,,0.0,0.0,0.0,0.0,0.0,0.0,0.0,0.0,0.0,0.0,0.0,0.0,0.0,0.0,0.0,0.0,0.0,0.0,0.0,0.0,0.0,0.0,0.0,0.0,0.0,0.0,0.0,0.0,0.0,0.0,0.0,0.0,0.0,0.0,0.0,0.0
,,CEC 2016 IEPR - Mid AAEE,,,Linear,2027.0,5.0,,0.0,0.0,399.9359106511911,902.020512078001,1289.740879912817,1669.525789769359,2075.366722443694,2463.192397728446,2870.403745618729,3276.8609413500526,3690.1410981305744,4108.939971724976,4518.24157352528,4929.251408684647,5340.261243844014,5751.271079003381,6162.280914162748,6573.290749322115,6984.300584481482,7395.3104196408485,7806.3202548002155,8217.330089959582,8628.339925118948,9039.349760278314,9450.35959543768,9861.369430597046,10272.379265756412,10683.389100915778,11094.398936075144,11505.40877123451,11916.418606393876,12327.428441553242,12738.438276712608,13149.448111871974,13560.45794703134,13971.467782190706
,,CEC 2016 IEPR - Mid AAEE + AB802,,,,,,,0.0,51.1,523.0359106511911,1158.620512078001,1657.6408799128171,2157.8257897693593,2678.766722443694,3190.3923977284458,3720.0037456187288,4241.060941350052,4769.941098130575,5301.039971724977,5828.08157352528,6356.831408684647,6885.581243844013,7414.331079003381,7943.080914162748,8471.830749322115,9000.580584481482,9529.330419640848,10058.080254800216,10586.830089959582,11115.579925118947,11644.329760278313,12173.079595437679,12701.829430597045,13230.57926575641,13759.329100915777,14288.078936075142,14816.828771234508,15345.578606393874,15874.32844155324,16403.078276712604,16931.82811187197,17460.577947031335,17989.327782190703
,,CEC 2016 IEPR - Mid AAEE (x2),,,Linear,2030.0,5.0,,0.0,0.0,399.9359106511911,973.0817715435231,1491.9115112245988,2060.880377470874,2722.45646944421,3421.5694181071894,4208.76128562259,5057.542097307989,5979.937280612638,6975.301049152751,7575.348685817855,8185.604345389775,8817.10880617806,9471.864088248261,10170.249449775387,10868.634811302512,11567.020172829638,12265.405534356763,12963.790895883889,13662.176257411014,14360.56161893814,15058.946980465265,15757.33234199239,16455.717703519516,17154.103065046642,17852.488426573767,18550.873788100893,19249.25914962802,19947.644511155144,20646.02987268227,21344.415234209395,22042.80059573652,22741.185957263646,23439.57131879077
,,Active: CEC 2016 IEPR - Mid AAEE + AB802,,,,,,,0.0,51.1,523.0359106511911,1158.620512078001,1657.6408799128171,2157.8257897693593,2678.766722443694,3190.3923977284458,3720.0037456187288,4241.060941350052,4769.941098130575,5301.039971724977,5828.08157352528,6356.831408684647,6885.581243844013,7414.331079003381,7943.080914162748,8471.830749322115,9000.580584481482,9529.330419640848,10058.080254800216,10586.830089959582,11115.579925118947,11644.329760278313,12173.079595437679,12701.829430597045,13230.57926575641,13759.329100915777,14288.078936075142,14816.828771234508,15345.578606393874,15874.32844155324,16403.078276712604,16931.82811187197,17460.577947031335,17989.327782190703
,,,,,,,,,,,,,,,,,,,,,,,,,,,,,,,,,,,,,,,,,,,,
,,CAISO Peak Demand for PRM,,,,,,,2015.0,2016.0,2017.0,2018.0,2019.0,2020.0,2021.0,2022.0,2023.0,2024.0,2025.0,2026.0,2027.0,2028.0,2029.0,2030.0,2031.0,2032.0,2033.0,2034.0,2035.0,2036.0,2037.0,2038.0,2039.0,2040.0,2041.0,2042.0,2043.0,2044.0,2045.0,2046.0,2047.0,2048.0,2049.0,2050.0
,,Baseline Consumption,,,,,,,49472.16482204399,49618.346798452316,50304.53578474475,50710.93387989065,50961.96469101505,51293.98369205215,51665.78563933358,52191.4739021582,52685.95430195563,53092.333744977266,53456.248029380964,53860.804768367314,54278.64690604592,54705.99267191063,55136.70300955471,55570.80440887033,56008.32356830947,56449.28739652589,56893.723014030176,57341.657754857646,57793.11916824952,58248.13502034725,58706.733295900216,59168.9421999869,59634.79015974954,60104.305826142474,60577.51807569431,61054.45601228384,61535.148968930036,62019.626509596164,62507.91843100798,63000.05476448634,63496.06577779421,63995.981976998235,64499.834108344905,65007.653160151574
,,+ Electric Vehicles,,,,,,,29.71877515026054,43.39085054546211,61.39443302287953,97.98300904705982,148.38170545958477,198.45722989570933,218.77000928110064,271.11696979470827,348.60459507183566,445.1248553816102,552.0925248137235,662.3212312587674,770.0579929044959,885.9111580315218,1007.3261711066217,1133.2354090070996,1245.724987551051,1358.1955134341415,1470.6508211064308,1583.0937807667358,1695.5265835354671,1807.9509310731642,1920.368165023156,2032.779357438905,2145.1853752593365,2257.586927124882,2369.984597930763,2482.378874708138,2594.7701662704444,2707.1588183095937,2819.54512512579,2931.9293388353894,3044.3116766675216,3156.692326796814,3269.071453043794,3381.449198691371
,,+ Other Electrification,,,,,,,0.0,10.453377540236199,21.430720356563366,31.109553710985814,41.242984112521924,51.83880480452046,57.895971999692016,97.53612671372525,107.34989901773197,119.2678851403023,143.5762759516361,154.8397879264435,166.94531538659336,180.827153121167,194.7089908557406,208.59082859031423,222.47266632488788,236.3545040594615,250.2363417940351,264.1181795286087,278.0000172631824,291.88185499775597,305.7636927323296,319.6455304669032,333.52736820147686,347.40920593605045,361.2910436706241,375.1728814051977,389.05471913977135,402.936556874345,416.8183946089186,430.70023234349225,444.58207007806584,458.4639078126395,472.3457455472131,486.22758328178674
,,- Load-Modifying Demand Response,,,,,,,-135.7755,-161.2515,-199.369,-195.9915,-200.33399999999997,-205.64149999999998,-210.756,-216.0635,-222.2395,-226.48549999999997,-231.79299999999998,-231.79299999999998,-231.79299999999998,-231.79299999999998,-231.79299999999998,-231.79299999999998,-231.79299999999998,-231.79299999999998,-231.79299999999998,-231.79299999999998,-231.79299999999998,-231.79299999999998,-231.79299999999998,-231.79299999999998,-231.79299999999998,-231.79299999999998,-231.79299999999998,-231.79299999999998,-231.79299999999998,-231.79299999999998,-231.79299999999998,-231.79299999999998,-231.79299999999998,-231.79299999999998,-231.79299999999998,-231.79299999999998
,,- Other On-Site Self Generation,,,,,,,-1600.5094929,-1630.5497863817807,-1991.6783998579886,-2091.8770954188117,-2155.78506281253,-2219.11351709758,-2281.14961937796,-2342.3549197950574,-2401.701830848938,-2459.7644333239195,-2516.54123149429,-2572.0659350687047,-2627.633377522952,-2627.633377522952,-2627.633377522952,-2627.633377522952,-2627.633377522952,-2627.633377522952,-2627.633377522952,-2627.633377522952,-2627.633377522952,-2627.633377522952,-2627.633377522952,-2627.633377522952,-2627.633377522952,-2627.633377522952,-2627.633377522952,-2627.633377522952,-2627.633377522952,-2627.633377522952,-2627.633377522952,-2627.633377522952,-2627.633377522952,-2627.633377522952,-2627.633377522952,-2627.633377522952
,,- TOU Effects,,,,,,,0.0,0.0,0.0,-990.0174705001855,-990.9578721717834,-991.4592774796996,-991.7777487852896,-996.019775330125,-999.2914164953794,-1000.7511129951148,-1003.0277549999998,-1004.9579415684686,-1007.1518199679354,-1009.5939831526407,-1012.1094441720195,-1014.6988040603651,-1017.362668780385,-1020.1016492636171,-1022.9163614511702,-1025.8074263348037,-1028.7754699983432,-1031.821123659432,-1034.9450237116303,-1038.1478117668578,-1041.4301346981792,-1044.792644682952,-1048.235999246314,-1051.76086130504,-1055.367899211749,-1059.0577867994798,-1062.8312034266282,-1066.688834022257,-1070.63136913177,-1074.6595049629714,-1078.7739434324924,-1082.9753922126042
,,- Energy Efficiency,,,,,,,0.0,-51.1,-523.0359106511911,-1158.620512078001,-1657.6408799128171,-2157.8257897693593,-2678.766722443694,-3190.3923977284458,-3720.0037456187288,-4241.060941350052,-4769.941098130575,-5301.039971724977,-5828.08157352528,-6356.831408684647,-6885.581243844013,-7414.331079003381,-7943.080914162748,-8471.830749322115,-9000.580584481482,-9529.330419640848,-10058.080254800216,-10586.830089959582,-11115.579925118947,-11644.329760278313,-12173.079595437679,-12701.829430597045,-13230.57926575641,-13759.329100915777,-14288.078936075142,-14816.828771234508,-15345.578606393874,-15874.32844155324,-16403.078276712604,-16931.82811187197,-17460.577947031335,-17989.327782190703
,,= Total Coincident Peak (ignoring BTM PV),,,,,,,47765.598604294246,47829.28974015624,47673.27762761501,46403.519864651695,46146.87156569002,45970.23964240574,45780.00153000743,45815.29640581302,45798.67230308215,45728.66449783009,45630.613745521456,45568.10893919037,45520.99044332084,45546.87921370308,45581.62110597809,45624.17438588105,45656.65126171933,45692.47863791081,45731.68685347504,45774.30549165439,45820.36366672666,45869.89021527622,45922.91382730218,45979.46313832459,46039.56679555154,46103.25350640046,46170.55207477002,46241.491428653404,46316.10064153041,46394.40894922317,46476.44576339924,46562.24068256676,46651.82350117246,46745.22421724979,46842.47303894913,46943.60039019845
,,,,,,,,,,,,,,,,,,,,,,,,,,,,,,,,,,,,,,,,,,,,
,Total Net Energy for Load by Resolve Zone,,,,,,,,,,,,,,,,,,,,,,,,,,,,,,,,,,,,,,,,,,,
,,,,,,,,,,,,,,,,,,,,,,,,,,,,,,,,,,,,,,,,,,,,
,,Net Energy for Load - grossed up for T&D losses (GWh),,,Method,Last Year,Period,,2015.0,2016.0,2017.0,2018.0,2019.0,2020.0,2021.0,2022.0,2023.0,2024.0,2025.0,2026.0,2027.0,2028.0,2029.0,2030.0,2031.0,2032.0,2033.0,2034.0,2035.0,2036.0,2037.0,2038.0,2039.0,2040.0,2041.0,2042.0,2043.0,2044.0,2045.0,2046.0,2047.0,2048.0,2049.0,2050.0
,,,,,,,,,,,,,,,,,,,,,,,,,,,,,,,,,,,,,,,,,,,,
,,NW,,,CAGR,2026.0,5.0,,237315.76001580758,239505.9552364478,241716.36384327093,243947.17238630573,246198.56913725717,248470.74410539647,250763.88905359668,253078.19751451712,255413.86480693627,257771.0880522367,260150.06619104045,262550.9999999999,264974.0921087414,267419.5470169674,269887.5711117148,272378.3726847738,274892.16195026634,277429.15106238774,279989.55413331155,282573.58725126,285181.4684987407,287813.4179709522,290469.65779435926,293150.41214543907,295855.90726960136,298586.3715002824,301342.03527821536,304123.13117087906,306929.8938921253,309762.56032198796,312621.3695266749,315506.5627787442,318418.3835774665,321357.0776693754,324322.89306900784,327316.0800798352
,,SW,,,CAGR,2026.0,5.0,,149278.64725993513,150899.97325144938,152538.9085797242,154195.6445010169,155870.37434883276,157563.29355648588,159274.59967990548,161004.49242068973,162753.1736494101,164520.84742916873,166307.72003941145,168113.99999999988,169939.89809554472,171785.62740000323,173651.4033015441,175537.4435276822,177443.96817068636,179371.19971326328,181319.36305452007,183288.685536209,185279.3969692573,187291.729660585,189325.91844021407,191382.20068867205,193460.81636469325,195562.00803322083,197686.02089371302,199833.1028087568,202003.5043329923,204197.4787423514,206415.28206361388,208657.17310428453,210923.41348279486,213214.26765903272,215530.00296520363,217870.88963702717
,,LDWP,,,CAGR,2027.0,5.0,,29635.0,29293.507033502614,28470.96126287717,28045.05824345448,27915.403877368582,27831.702111066683,27993.430381121783,28234.665801740994,28446.23119143501,28678.92174943226,28916.583321321807,29161.010108209914,29412.04960591054,29653.3536731914,29896.637461493625,30141.91721296086,30389.209302991498,30638.530241331937,30889.896673178813,31143.32538029026,31398.83328210629,31656.437436878397,31916.155042808376,32178.00343919652,32442.00010759923,32708.16267299612,32976.50890496671,33247.05671887672,33519.8241770742,33794.82949009536,34072.09101788037,34351.62727099909,34633.4569118869,34917.598756090614,35204.07177352469,35492.895089737634
,,IID,,,CAGR,2027.0,5.0,,3719.0,3798.0,3841.0,3891.0,3967.0,4047.0,4128.0,4226.0,4319.0,4409.0,4502.0,4587.0,4674.0,4769.145266835345,4866.227337650401,4965.285638575133,5066.360398308966,5169.492664458116,5274.724320205491,5382.098101319918,5491.657613511635,5603.447350141057,5717.512710288035,5833.90001718894,5952.6565370490525,6073.830498237904,6197.471110875366,6323.62858681644,6452.354160042854,6583.700107469775,6717.719770176043,6854.467575066602,6993.999056975872,7136.370881221083,7281.6408666147,7429.868008945296
,,BANC,,,CAGR,2027.0,5.0,,18740.0,18746.02165547497,18773.783712617784,18768.11978227258,18889.34917668231,19014.854365916777,19123.083115467045,19254.59113045506,19431.439089539177,19592.921986378344,19772.728349924386,19943.28774819262,20112.890156638987,20289.087633177067,20466.828674588054,20646.126803157076,20826.995659630233,21009.44900425237,21193.500717813924,21379.164802706975,21566.455383990506,21755.38671046503,21945.973155756623,22138.22921941043,22332.16952799379,22527.808836208987,22725.16202801579,22924.244117763777,23125.070251334622,23327.65570729437,23532.0158980558,23738.166371050993,23946.12280991414,24155.901035674757,24367.517007961294,24580.986826215354
